,Name,Year,Location,Coordinates
0,"""#1 Single""",2006,"Los Angeles, California, USA","(34.0536909, -118.242766)"
1,"""#1 Single""",2006,"New York City, New York, USA","(40.7127281, -74.0060152)"
2,"""#15SecondScare""",2015,"Coventry, West Midlands, England, UK","(52.4081812, -1.510477)"
3,"""#15SecondScare""",2015,"West Hills, California, USA","(34.2032325, -118.645476)"
4,"""#15SecondScare""",2015,"West Hills, California, USA","(34.2032325, -118.645476)"
5,"""#2WheelzNHeelz""",2017,"Nashville, Tennessee, USA","(36.1622767, -86.7742984)"
6,"""#ATown""",2014,"Spiderhouse Cafe, Austin, Texas, USA","(-179, -179)"
7,"""#ATown""",2014,"Love Balls, Austin, Texas, USA","(-179, -179)"
8,"""#ATown""",2014,"Jo's Cafe, San Marcos, Texas, USA","(-179, -179)"
9,"""#ATown""",2014,"Town Lake, Austin, Texas, USA","(30.26866735, -97.76299000801009)"
10,"""#ATown""",2014,"Texas Rowing Center, Austin, Texas, USA","(30.272271000000003, -97.76893453598484)"
11,"""#ATown""",2014,"Mount Bonnell, Austin, Texas, USA","(30.3207674, -97.7733474)"
12,"""#ATown""",2014,"Alamo Drafthouse Ritz, Austin, Texas, USA","(30.26740345, -97.73958582383372)"
13,"""#ATown""",2014,"Red's Porch, Austin, Texas, USA","(-179, -179)"
14,"""#ATown""",2014,"Barton Springs, Austin, Texas, USA","(30.2587335, -97.7509521)"
15,"""#ActorsLife""",2016,"New York City, New York, USA","(40.7127281, -74.0060152)"
16,"""#BreakfastClub""",2017,"New York City, New York, USA","(40.7127281, -74.0060152)"
17,"""#BreakfastClub""",2017,"Los Angeles, California, USA","(34.0536909, -118.242766)"
18,"""#ByMySide""",2012,"Alessandria, Piedmont, Italy","(-179, -179)"
19,"""#CaptchaLA""",2017,"Los Angeles, California, USA","(34.0536909, -118.242766)"
20,"""#DayOff""",2013,"New York City, New York, USA","(40.7127281, -74.0060152)"
21,"""#DearGeorgette""",2015,"New York City, New York, USA","(40.7127281, -74.0060152)"
22,"""#Elmira""",2014,"Elmira, New York, USA","(42.0897965, -76.8077338)"
23,"""#Fuga""",2016,"Barra da Tijuca, Rio de Janeiro, Rio de Janeiro, Brazil","(-22.9979553, -43.37311472822825)"
24,"""#Hashtag Travel UK""",2017,"England, UK","(52.5310214, -1.2649062)"
25,"""#Hashtag Travel""",2017,"Hudson Valley, New York, USA","(41.31611085, -74.12629189225156)"
26,"""#Hashtag Travel""",2017,"Cold Spring, New York, USA","(41.4200938, -73.9545831)"
27,"""#Hashtag Travel""",2017,"Beacon, New York, USA","(41.504879, -73.9696822)"
28,"""#Hashtag Travel""",2017,"Fishkill, New York, USA","(41.5355745, -73.898702)"
29,"""#Hashtag Travel""",2017,"Wappingers Falls, New York, USA","(41.5965635, -73.9112103)"
30,"""#Hashtag Travel""",2017,"Poughkeepsie, New York, USA","(41.7065539, -73.9283672)"
31,"""#Hashtag: The Series""",2013,"Chicago, Illinois, USA","(41.8755616, -87.6244212)"
32,"""#Hashtag: The Series""",2013,"Chicago, Illinois, USA","(41.8755616, -87.6244212)"
33,"""#KateConwayisaJerk""",2015,"Toronto, Ontario, Canada","(43.6534817, -79.3839347)"
34,"""#KateConwayisaJerk""",2015,"Remark's Bar & Grill - 1026 Coxwell Ave, Toronto, Ontario, Canada","(-179, -179)"
35,"""#KateConwayisaJerk""",2015,"Gooderham Building, 49 Wellington Street East, Toronto, Ontario, Canada","(43.648366800000005, -79.37439532076982)"
36,"""#KateConwayisaJerk""",2015,"Russell Winkelaar's flat, Toronto, Ontario, Canada","(-179, -179)"
37,"""#KateConwayisaJerk""",2015,"Broadview Avenue, Toronto, Ontario, Canada","(43.657091, -79.3490907)"
38,"""#KillTorrey""",2016,"Burbank, California, USA","(34.1816482, -118.3258554)"
39,"""#LakeShow""",2012,"El Segundo, California, USA","(33.917028, -118.4156337)"
40,"""#LawstinWoods""",2013,"Erin, New York, USA","(42.1859079, -76.6699493)"
41,"""#LawstinWoods""",2013,"Corning, New York, USA","(42.095532, -76.895482)"
42,"""#LawstinWoods""",2013,"Erin, New York, USA","(42.1859079, -76.6699493)"
43,"""#LawstinWoods""",2013,"Erin, New York, USA","(42.1859079, -76.6699493)"
44,"""#LawstinWoods""",2013,"Corning, New York, USA","(42.095532, -76.895482)"
45,"""#LawstinWoods""",2013,"Erin, New York, USA","(42.1859079, -76.6699493)"
46,"""#LawstinWoods""",2013,"Corning, New York, USA","(42.095532, -76.895482)"
47,"""#LawstinWoods""",2013,"Poultney, Vermont, USA","(43.5171364, -73.2363426)"
48,"""#LdnOnt""",2012,"London, Ontario, Canada","(42.9832406, -81.243372)"
49,"""#LoveMyRoomie""",2016,"New York, USA","(40.7127281, -74.0060152)"
50,"""#LoveMyRoomie""",2016,"Brooklyn, New York, USA","(40.6526006, -73.9497211)"
51,"""#Millennials""",2015,"Los Angeles, California, USA","(34.0536909, -118.242766)"
52,"""#Mittelfingerspitzengefhl""",2017,Germany,"(51.0834196, 10.4234469)"
53,"""#Mittelfingerspitzengefhl""",2017,The Netherlands,"(52.24764975, 5.541246849406163)"
54,"""#MommasGotBars""",2015,"Brooklyn, New York, USA","(40.6526006, -73.9497211)"
55,"""#Murder""",2017,"Knoxville, Tennessee, USA","(35.9603948, -83.9210261)"
56,"""#MyCurrentSituation: Atlanta""",2016,"Atlanta Georgia, USA","(33.7489924, -84.3902644)"
57,"""#MyCurrentSituation: Atlanta""",2016,"Memphis, Tennessee, USA","(35.1490215, -90.0516285)"
58,"""#NerdNoise""",2012,"Los Angeles, California, USA","(34.0536909, -118.242766)"
59,"""#Nightstrife""",2014,"Chicago, Illinois, USA","(41.8755616, -87.6244212)"
60,"""#OscarTheOuch""",2013,"Hollywood, California, USA","(34.0980031, -118.329523)"
61,"""#QuieroEseLook!""",2013,"Rio Grande, Puerto Rico","(18.3606321, -67.23687225928968)"
62,"""#SmurTv""",2016,"Roanoke, Virginia, USA","(37.270973, -79.9414313)"
63,"""#SmurTv""",2016,"Charlotte, North Carolina, USA","(35.2272086, -80.8430827)"
64,"""#SmurTv""",2016,"Atlanta, Georgia, USA","(33.7489924, -84.3902644)"
65,"""#SpongeyLeaks""",2016,"Northridge, California, USA","(34.2345615, -118.5369316)"
66,"""#SpongeyLeaks""",2016,"Northridge, California, USA","(34.2345615, -118.5369316)"
67,"""#TanCosmo""",2014,"Buenos Aires, Federal District, Argentina","(-179, -179)"
68,"""#Troublemakers""",2013,"Wilmington, Delaware, USA","(39.7459468, -75.546589)"
69,"""#VanLifeAttila""",2016,Canada,"(61.0666922, -107.991707)"
70,"""#VanLifeAttila""",2016,"California, USA","(36.7014631, -118.755997)"
71,"""#VanLifeAttila""",2016,Europe,"(51.0, 10.0)"
72,"""#VanLifeAttila""",2016,"Wells, British Columbia, Canada","(53.1044428, -121.5723679)"
73,"""#VanLifeAttila""",2016,Barkerville Highway,"(53.0154665, -122.4950096)"
74,"""#VanLifeAttila""",2016,"Wells, British Columbia, Canada","(53.1044428, -121.5723679)"
75,"""#VanLifeAttila""",2016,Barkerville Highway,"(53.0154665, -122.4950096)"
76,"""#VanLifeAttila""",2016,"Burnaby, British Columbia, Canada","(49.2433804, -122.9725459)"
77,"""#VanLifeAttila""",2016,"Coquitlam, British Columbia, Canada","(49.2842958, -122.793281)"
78,"""#VanLifeAttila""",2016,"Wells, British Columbia, Canada","(53.1044428, -121.5723679)"
79,"""#VanLifeAttila""",2016,"Quesnel, British Columbia, Canada","(52.9794279, -122.4936273)"
80,"""#VanLifeAttila""",2016,"Barkerville, British Columbia, Canada","(53.068471, -121.5153039254653)"
81,"""#VanLifeAttila""",2016,"Vancouver, British Columbia, Canada","(49.2608724, -123.113952)"
82,"""#VanLifeAttila""",2016,"Vancouver, British Columbia, Canada","(49.2608724, -123.113952)"
83,"""#VanLifeAttila""",2016,"Wells, British Columbia, Canada","(53.1044428, -121.5723679)"
84,"""#VanLifeAttila""",2016,"Wells, British Columbia, Canada","(53.1044428, -121.5723679)"
85,"""#VanLifeAttila""",2016,"Barkerville, British Columbia, Canada","(53.068471, -121.5153039254653)"
86,"""#VanLifeAttila""",2016,"North Vancouver, British Columbia, Canada","(49.3206294, -123.0737925)"
87,"""#VanLifeAttila""",2016,"North Vancouver, British Columbia, Canada","(49.3206294, -123.0737925)"
88,"""#VanLifeAttila""",2016,"North Vancouver, British Columbia, Canada","(49.3206294, -123.0737925)"
89,"""#VanLifeAttila""",2016,"Vancouver, British Columbia, Canada","(49.2608724, -123.113952)"
90,"""#VanLifeAttila""",2016,"Wells, British Columbia, Canada","(53.1044428, -121.5723679)"
91,"""#VanLifeAttila""",2016,"Barkerville, British Columbia, Canada","(53.068471, -121.5153039254653)"
92,"""#VanLifeAttila""",2016,"Quesnel, British Columbia, Canada","(52.9794279, -122.4936273)"
93,"""#VanLifeAttila""",2016,"Kelowna, British Columbia, Canada","(49.8879177, -119.4959025)"
94,"""#VanLifeAttila""",2016,"Wells, British Columbia, Canada","(53.1044428, -121.5723679)"
95,"""#VanLifeAttila""",2016,"Coquitlam, British Columbia, Canada","(49.2842958, -122.793281)"
96,"""#VanLifeAttila""",2016,"Coquitlam, British Columbia, Canada","(49.2842958, -122.793281)"
97,"""#VanLifeAttila""",2016,"Wells, British Columbia, Canada","(53.1044428, -121.5723679)"
98,"""#VanLifeAttila""",2016,"Wells, British Columbia, Canada","(53.1044428, -121.5723679)"
99,"""#VanLifeAttila""",2016,"Wells, British Columbia, Canada","(53.1044428, -121.5723679)"
100,"""#VanLifeAttila""",2016,"Barkerville, British Columbia, Canada","(53.068471, -121.5153039254653)"
101,"""#VanLifeAttila""",2016,"Richmond, British Columbia, Canada","(49.163168, -123.137414)"
102,"""#VanLifeAttila""",2016,"Vancouver, British Columbia, Canada","(49.2608724, -123.113952)"
103,"""#VanLifeAttila""",2016,Barkerville Highway,"(53.0154665, -122.4950096)"
104,"""#VanLifeAttila""",2016,"Wells, British Columbia, Canada","(53.1044428, -121.5723679)"
105,"""#VanLifeAttila""",2016,"Barkerville, British Columbia, Canada","(53.068471, -121.5153039254653)"
106,"""#VanLifeAttila""",2016,"Wells, British Columbia, Canada","(53.1044428, -121.5723679)"
107,"""#VanLifeAttila""",2016,"Barkerville, British Columbia, Canada","(53.068471, -121.5153039254653)"
108,"""#VanLifeAttila""",2016,"Sicamous, British Columbia, Canada","(50.8270107, -118.98552905060103)"
109,"""#VanLifeAttila""",2016,"Calgary, Alberta, Canada","(51.0460954, -114.065465)"
110,"""#VanLifeAttila""",2016,"Vancouver, British Columbia, Canada","(49.2608724, -123.113952)"
111,"""#VanLifeAttila""",2016,"Hope, British Columbia, Canada","(49.3799438, -121.441351)"
112,"""#VanLifeAttila""",2016,"Barkerville, British Columbia, Canada","(53.068471, -121.5153039254653)"
113,"""#VanLifeAttila""",2016,"Barkerville, British Columbia, Canada","(53.068471, -121.5153039254653)"
114,"""#VanLifeAttila""",2016,"Sicamous, British Columbia, Canada","(50.8270107, -118.98552905060103)"
115,"""#VanLifeAttila""",2016,"Wells, British Columbia, Canada","(53.1044428, -121.5723679)"
116,"""#VanLifeAttila""",2016,"Barkerville, British Columbia, Canada","(53.068471, -121.5153039254653)"
117,"""#VanLifeAttila""",2016,"Burnaby, British Columbia, Canada","(49.2433804, -122.9725459)"
118,"""#VanLifeAttila""",2016,"North Vancouver, British Columbia, Canada","(49.3206294, -123.0737925)"
119,"""#VanLifeAttila""",2016,"Barkerville, British Columbia, Canada","(53.068471, -121.5153039254653)"
120,"""#VanLifeAttila""",2016,"Vancouver, British Columbia, Canada","(49.2608724, -123.113952)"
121,"""#VanLifeAttila""",2016,"Wells, British Columbia, Canada","(53.1044428, -121.5723679)"
122,"""#VanLifeAttila""",2016,"Vancouver, British Columbia, Canada","(49.2608724, -123.113952)"
123,"""#VanLifeAttila""",2016,"Stanley Park, Vancouver, British Columbia, Canada","(49.3019112, -123.14154052837662)"
124,"""#VanLifeAttila""",2016,"Alberta, Canada","(55.001251, -115.002136)"
125,"""#VanLifeAttila""",2016,"Vancouver, British Columbia, Canada","(49.2608724, -123.113952)"
126,"""#VanLifeAttila""",2016,"Budapest, Hungary","(47.4979937, 19.0403594)"
127,"""#VanLifeAttila""",2016,"Budapest, Hungary","(47.4979937, 19.0403594)"
128,"""#VanLifeAttila""",2016,Barkerville Highway,"(53.0154665, -122.4950096)"
129,"""#VanLifeAttila""",2016,"Barkerville, British Columbia, Canada","(53.068471, -121.5153039254653)"
130,"""#VanLifeAttila""",2016,"Wells, British Columbia, Canada","(53.1044428, -121.5723679)"
131,"""#VanLifeAttila""",2016,"Barkerville, British Columbia, Canada","(53.068471, -121.5153039254653)"
132,"""#VanLifeAttila""",2016,"Vancouver, British Columbia, Canada","(49.2608724, -123.113952)"
133,"""#VanLifeAttila""",2016,"Barkerville, British Columbia, Canada","(53.068471, -121.5153039254653)"
134,"""#VanLifeAttila""",2016,"Coquitlam, British Columbia, Canada","(49.2842958, -122.793281)"
135,"""#VanLifeAttila""",2016,"North Vancouver, British Columbia, Canada","(49.3206294, -123.0737925)"
136,"""#VanLifeAttila""",2016,"Vancouver, British Columbia, Canada","(49.2608724, -123.113952)"
137,"""#VanLifeAttila""",2016,"Barkerville, British Columbia, Canada","(53.068471, -121.5153039254653)"
138,"""#VanLifeAttila""",2016,"Barkerville, British Columbia, Canada","(53.068471, -121.5153039254653)"
139,"""#VanLifeAttila""",2016,"Stanley, British Columbia, Canada","(53.0402309, -121.718755)"
140,"""#VanLifeAttila""",2016,"Quesnel, British Columbia, Canada","(52.9794279, -122.4936273)"
141,"""#VanLifeAttila""",2016,"Barkerville, British Columbia, Canada","(53.068471, -121.5153039254653)"
142,"""#VanLifeAttila""",2016,"Wells, British Columbia, Canada","(53.1044428, -121.5723679)"
143,"""#VanLifeAttila""",2016,"Wendle Lake, British Columbia, Canada","(53.1173414, -121.49901337494916)"
144,"""#VanLifeAttila""",2016,"Barkerville, British Columbia, Canada","(53.068471, -121.5153039254653)"
145,"""#VanLifeAttila""",2016,"Wells, British Columbia, Canada","(53.1044428, -121.5723679)"
146,"""#VanLifeAttila""",2016,"Wells, British Columbia, Canada","(53.1044428, -121.5723679)"
147,"""#VanLifeAttila""",2016,"Quesnel, British Columbia, Canada","(52.9794279, -122.4936273)"
148,"""#VanLifeAttila""",2016,"Barkerville, British Columbia, Canada","(53.068471, -121.5153039254653)"
149,"""#VanLifeAttila""",2016,"Wells, British Columbia, Canada","(53.1044428, -121.5723679)"
150,"""#VanLifeAttila""",2016,"Quesnel, British Columbia, Canada","(52.9794279, -122.4936273)"
151,"""#VanLifeAttila""",2016,"Barkerville, British Columbia, Canada","(53.068471, -121.5153039254653)"
152,"""#VanLifeAttila""",2016,"Wells, British Columbia, Canada","(53.1044428, -121.5723679)"
153,"""#VanLifeAttila""",2016,"Barkerville, British Columbia, Canada","(53.068471, -121.5153039254653)"
154,"""#VanLifeAttila""",2016,Barkerville Highway,"(53.0154665, -122.4950096)"
155,"""#VanLifeAttila""",2016,"Boston Bar, British Columbia, Canada","(49.8681162, -121.4432499)"
156,"""#VanLifeAttila""",2016,"Barkerville, British Columbia, Canada","(53.068471, -121.5153039254653)"
157,"""#VanLifeAttila""",2016,"Barkerville, British Columbia, Canada","(53.068471, -121.5153039254653)"
158,"""#VanLifeAttila""",2016,"Barkerville, British Columbia, Canada","(53.068471, -121.5153039254653)"
159,"""#VanLifeAttila""",2016,"British Columbia, Canada","(55.001251, -125.002441)"
160,"""#VanLifeAttila""",2016,"Vancouver, British Columbia, Canada","(49.2608724, -123.113952)"
161,"""#VanLifeAttila""",2016,Barkerville Highway,"(53.0154665, -122.4950096)"
162,"""#VanLifeAttila""",2016,"Toronto, Ontario, Canada","(43.6534817, -79.3839347)"
163,"""#VanLifeAttila""",2016,"Banff, Alberta, Canada","(51.1777781, -115.5682504)"
164,"""#VanLifeAttila""",2016,"Winnipeg, Manitoba, Canada","(49.8955367, -97.1384584)"
165,"""#VanLifeAttila""",2016,"Richmond, British Columbia, Canada","(49.163168, -123.137414)"
166,"""#VitalSignz""",2017,"Toronto, Ontario, Canada","(43.6534817, -79.3839347)"
167,"""#WarGames""",2018,"Glen Head, Long Island, New York, USA","(-179, -179)"
168,"""#WarGames""",2018,"New York City, New York, USA","(40.7127281, -74.0060152)"
169,"""#tlir""",2013,"Petoskey, Michigan, USA","(45.373343, -84.95533)"
170,"""$#*! My Dad Says""",2010,"Warner Brothers Burbank Studios - 4000 Warner Boulevard, Burbank, California, USA","(-179, -179)"
171,"""$#*! My Dad Says""",2010,"Warner Brothers Burbank Studios - 4000 Warner Boulevard, Burbank, California, USA","(-179, -179)"
172,"""$#*! My Dad Says""",2010,"Warner Brothers Burbank Studios - 4000 Warner Boulevard, Burbank, California, USA","(-179, -179)"
173,"""$#*! My Dad Says""",2010,"Warner Brothers Burbank Studios - 4000 Warner Boulevard, Burbank, California, USA","(-179, -179)"
174,"""$#*! My Dad Says""",2010,"Warner Brothers Burbank Studios - 4000 Warner Boulevard, Burbank, California, USA","(-179, -179)"
175,"""$#*! My Dad Says""",2010,"Warner Brothers Burbank Studios - 4000 Warner Boulevard, Burbank, California, USA","(-179, -179)"
176,"""$#*! My Dad Says""",2010,"Warner Brothers Burbank Studios - 4000 Warner Boulevard, Burbank, California, USA","(-179, -179)"
177,"""$#*! My Dad Says""",2010,"Warner Brothers Burbank Studios - 4000 Warner Boulevard, Burbank, California, USA","(-179, -179)"
178,"""$#*! My Dad Says""",2010,"Warner Brothers Burbank Studios - 4000 Warner Boulevard, Burbank, California, USA","(-179, -179)"
179,"""$#*! My Dad Says""",2010,"Warner Brothers Burbank Studios - 4000 Warner Boulevard, Burbank, California, USA","(-179, -179)"
180,"""$#*! My Dad Says""",2010,"Warner Brothers Burbank Studios - 4000 Warner Boulevard, Burbank, California, USA","(-179, -179)"
181,"""$#*! My Dad Says""",2010,"Warner Brothers Burbank Studios - 4000 Warner Boulevard, Burbank, California, USA","(-179, -179)"
182,"""$#*! My Dad Says""",2010,"Warner Brothers Burbank Studios - 4000 Warner Boulevard, Burbank, California, USA","(-179, -179)"
183,"""$#*! My Dad Says""",2010,"Warner Brothers Burbank Studios - 4000 Warner Boulevard, Burbank, California, USA","(-179, -179)"
184,"""$#*! My Dad Says""",2010,"Warner Brothers Burbank Studios - 4000 Warner Boulevard, Burbank, California, USA","(-179, -179)"
185,"""$#*! My Dad Says""",2010,"Warner Brothers Burbank Studios - 4000 Warner Boulevard, Burbank, California, USA","(-179, -179)"
186,"""$#*! My Dad Says""",2010,"Warner Brothers Burbank Studios - 4000 Warner Boulevard, Burbank, California, USA","(-179, -179)"
187,"""$#*! My Dad Says""",2010,"Warner Brothers Burbank Studios - 4000 Warner Boulevard, Burbank, California, USA","(-179, -179)"
188,"""$#*! My Dad Says""",2010,"Warner Brothers Burbank Studios - 4000 Warner Boulevard, Burbank, California, USA","(-179, -179)"
189,"""$1,000,000 Chance of a Lifetime""",1986,"Hollywood Center Studios - 1040 N. Las Palmas Avenue, Hollywood, Los Angeles, California, USA","(-179, -179)"
190,"""$2 Bill""",2002,"Los Angeles, California, USA","(34.0536909, -118.242766)"
191,"""$2 Bill""",2002,"Hollywood Center Studios - 1040 N. Las Palmas Avenue, Hollywood, Los Angeles, California, USA","(-179, -179)"
192,"""$2 Bill""",2002,"San Diego, California, USA","(32.7174202, -117.1627728)"
193,"""$2 Donuts""",2017,"Sydney, Australia","(-33.8548157, 151.2164539)"
194,"""$25 Million Dollar Hoax""",2004,"San Diego, California, USA","(32.7174202, -117.1627728)"
195,"""$5 Cover""",2009,"Memphis, Tennessee, USA","(35.1490215, -90.0516285)"
196,"""$5 Cover""",2009,"Tennessee, USA","(35.7730076, -86.2820081)"
197,"""$5 Cover""",2009,"Tennessee, USA","(35.7730076, -86.2820081)"
198,"""$5 Cover""",2009,"Tennessee, USA","(35.7730076, -86.2820081)"
199,"""$5 Cover""",2009,"Tennessee, USA","(35.7730076, -86.2820081)"
200,"""$5 Cover""",2009,"Tennessee, USA","(35.7730076, -86.2820081)"
201,"""$5 Cover""",2009,"Tennessee, USA","(35.7730076, -86.2820081)"
202,"""$5 Cover: Seattle""",2009,"Seattle, Washington, USA","(47.6038321, -122.3300624)"
203,"""$5,000 Video""",2013,"Los Angeles, California, USA","(34.0536909, -118.242766)"
204,"""$50,000 Letterbox""",1980,"TVW7 Studios, Perth, Western Australia, Australia","(-179, -179)"
205,"""$tripped""",2015,"Riviera Hotel & Casino - 2901 Las Vegas Boulevard South, Las Vegas, Nevada, USA","(-179, -179)"
206,"""$tripped""",2015,"Riviera Hotel & Casino - 2901 Las Vegas Boulevard South, Las Vegas, Nevada, USA","(-179, -179)"
207,"""$tripped""",2015,"Riviera Hotel & Casino - 2901 Las Vegas Boulevard South, Las Vegas, Nevada, USA","(-179, -179)"
208,"""$tripped""",2015,"Riviera Hotel & Casino - 2901 Las Vegas Boulevard South, Las Vegas, Nevada, USA","(-179, -179)"
209,"""$weepstake$""",1979,"Paramount Studios - 5555 Melrose Avenue, Hollywood, Los Angeles, California, USA","(-179, -179)"
210,"""$weepstake$""",1979,"Paramount Studios - 5555 Melrose Avenue, Hollywood, Los Angeles, California, USA","(-179, -179)"
211,"""$weepstake$""",1979,(studio)javascript:void(0);,"(-179, -179)"
212,"""&@""",2010,"Seattle, Washington, USA","(47.6038321, -122.3300624)"
213,"""' Horse Trials '""",2011,"England, UK","(52.5310214, -1.2649062)"
214,"""'80s Videos: A to Z""",2009,"Santa Monica, California, USA","(34.0194704, -118.4912273)"
215,"""'Allo 'Allo!""",1982,"BBC Elstree Centre/ATV Studios, Borehamwood, Hertfordshire, England, UK","(51.65887575, -0.2756769906149579)"
216,"""'Allo 'Allo!""",1982,"BBC Television Centre, Wood Lane, Shepherd's Bush, London, England, UK","(-179, -179)"
217,"""'Allo 'Allo!""",1982,"Denver Mill, Denver, England, UK","(-179, -179)"
218,"""'Allo 'Allo!""",1982,"Beeston Church, Beeston, England, UK","(52.92537055, -1.2147443636063955)"
219,"""'Allo 'Allo!""",1982,"Railway bridge, Beeston, England, UK","(53.7914716, -1.559122544098645)"
220,"""'Allo 'Allo!""",1982,"Lynford Hall, Lynford, Norfolk, England, UK","(52.51433585, 0.679956025662916)"
221,"""'Allo 'Allo!""",1982,"England, UK","(52.5310214, -1.2649062)"
222,"""'Allo 'Allo!""",1982,"England, UK","(52.5310214, -1.2649062)"
223,"""'Allo 'Allo!""",1982,"England, UK","(52.5310214, -1.2649062)"
224,"""'Allo 'Allo!""",1982,"County School railway station, Norfolk, England, UK","(-179, -179)"
225,"""'Allo 'Allo!""",1982,"England, UK","(52.5310214, -1.2649062)"
226,"""'Allo 'Allo!""",1982,"England, UK","(52.5310214, -1.2649062)"
227,"""'Allo 'Allo!""",1982,"England, UK","(52.5310214, -1.2649062)"
228,"""'Allo 'Allo!""",1982,"England, UK","(52.5310214, -1.2649062)"
229,"""'Allo 'Allo!""",1982,"England, UK","(52.5310214, -1.2649062)"
230,"""'Allo 'Allo!""",1982,"England, UK","(52.5310214, -1.2649062)"
231,"""'Allo 'Allo!""",1982,"England, UK","(52.5310214, -1.2649062)"
232,"""'Allo 'Allo!""",1982,"England, UK","(52.5310214, -1.2649062)"
233,"""'Allo 'Allo!""",1982,"England, UK","(52.5310214, -1.2649062)"
234,"""'Allo 'Allo!""",1982,"England, UK","(52.5310214, -1.2649062)"
235,"""'Allo 'Allo!""",1982,"England, UK","(52.5310214, -1.2649062)"
236,"""'Allo 'Allo!""",1982,"England, UK","(52.5310214, -1.2649062)"
237,"""'Allo 'Allo!""",1982,"England, UK","(52.5310214, -1.2649062)"
238,"""'Allo 'Allo!""",1982,"England, UK","(52.5310214, -1.2649062)"
239,"""'Allo 'Allo!""",1982,"England, UK","(52.5310214, -1.2649062)"
240,"""'Allo 'Allo!""",1982,"England, UK","(52.5310214, -1.2649062)"
241,"""'Allo 'Allo!""",1982,"England, UK","(52.5310214, -1.2649062)"
242,"""'Allo 'Allo!""",1982,"England, UK","(52.5310214, -1.2649062)"
243,"""'Allo 'Allo!""",1982,"England, UK","(52.5310214, -1.2649062)"
244,"""'Allo 'Allo!""",1982,"England, UK","(52.5310214, -1.2649062)"
245,"""'Allo 'Allo!""",1982,"England, UK","(52.5310214, -1.2649062)"
246,"""'Allo 'Allo!""",1982,"England, UK","(52.5310214, -1.2649062)"
247,"""'Allo 'Allo!""",1982,"England, UK","(52.5310214, -1.2649062)"
248,"""'Allo 'Allo!""",1982,"England, UK","(52.5310214, -1.2649062)"
249,"""'Allo 'Allo!""",1982,"England, UK","(52.5310214, -1.2649062)"
250,"""'Allo 'Allo!""",1982,"England, UK","(52.5310214, -1.2649062)"
251,"""'Allo 'Allo!""",1982,"England, UK","(52.5310214, -1.2649062)"
252,"""'Allo 'Allo!""",1982,"England, UK","(52.5310214, -1.2649062)"
253,"""'Allo 'Allo!""",1982,"England, UK","(52.5310214, -1.2649062)"
254,"""'Allo 'Allo!""",1982,"England, UK","(52.5310214, -1.2649062)"
255,"""'Allo 'Allo!""",1982,"England, UK","(52.5310214, -1.2649062)"
256,"""'Allo 'Allo!""",1982,"England, UK","(52.5310214, -1.2649062)"
257,"""'Allo 'Allo!""",1982,"England, UK","(52.5310214, -1.2649062)"
258,"""'Allo 'Allo!""",1982,"England, UK","(52.5310214, -1.2649062)"
259,"""'Allo 'Allo!""",1982,"England, UK","(52.5310214, -1.2649062)"
260,"""'Allo 'Allo!""",1982,"England, UK","(52.5310214, -1.2649062)"
261,"""'Allo 'Allo!""",1982,"England, UK","(52.5310214, -1.2649062)"
262,"""'Allo 'Allo!""",1982,"England, UK","(52.5310214, -1.2649062)"
263,"""'Allo 'Allo!""",1982,"England, UK","(52.5310214, -1.2649062)"
264,"""'Allo 'Allo!""",1982,"England, UK","(52.5310214, -1.2649062)"
265,"""'Allo 'Allo!""",1982,"England, UK","(52.5310214, -1.2649062)"
266,"""'Allo 'Allo!""",1982,"England, UK","(52.5310214, -1.2649062)"
267,"""'Allo 'Allo!""",1982,"England, UK","(52.5310214, -1.2649062)"
268,"""'Allo 'Allo!""",1982,"England, UK","(52.5310214, -1.2649062)"
269,"""'Allo 'Allo!""",1982,"England, UK","(52.5310214, -1.2649062)"
270,"""'Allo 'Allo!""",1982,"England, UK","(52.5310214, -1.2649062)"
271,"""'Allo 'Allo!""",1982,"England, UK","(52.5310214, -1.2649062)"
272,"""'Allo 'Allo!""",1982,"England, UK","(52.5310214, -1.2649062)"
273,"""'Allo 'Allo!""",1982,"England, UK","(52.5310214, -1.2649062)"
274,"""'Allo 'Allo!""",1982,"England, UK","(52.5310214, -1.2649062)"
275,"""'Allo 'Allo!""",1982,"England, UK","(52.5310214, -1.2649062)"
276,"""'Allo 'Allo!""",1982,"England, UK","(52.5310214, -1.2649062)"
277,"""'Allo 'Allo!""",1982,"England, UK","(52.5310214, -1.2649062)"
278,"""'Allo 'Allo!""",1982,"England, UK","(52.5310214, -1.2649062)"
279,"""'Allo 'Allo!""",1982,"England, UK","(52.5310214, -1.2649062)"
280,"""'Allo 'Allo!""",1982,"England, UK","(52.5310214, -1.2649062)"
281,"""'Allo 'Allo!""",1982,"England, UK","(52.5310214, -1.2649062)"
282,"""'Allo 'Allo!""",1982,"England, UK","(52.5310214, -1.2649062)"
283,"""'Allo 'Allo!""",1982,"England, UK","(52.5310214, -1.2649062)"
284,"""'Allo 'Allo!""",1982,"England, UK","(52.5310214, -1.2649062)"
285,"""'Allo 'Allo!""",1982,"England, UK","(52.5310214, -1.2649062)"
286,"""'Allo 'Allo!""",1982,"England, UK","(52.5310214, -1.2649062)"
287,"""'Allo 'Allo!""",1982,"England, UK","(52.5310214, -1.2649062)"
288,"""'Allo 'Allo!""",1982,"England, UK","(52.5310214, -1.2649062)"
289,"""'Allo 'Allo!""",1982,"England, UK","(52.5310214, -1.2649062)"
290,"""'Allo 'Allo!""",1982,"England, UK","(52.5310214, -1.2649062)"
291,"""'Allo 'Allo!""",1982,"England, UK","(52.5310214, -1.2649062)"
292,"""'Allo 'Allo!""",1982,"England, UK","(52.5310214, -1.2649062)"
293,"""'Allo 'Allo!""",1982,"England, UK","(52.5310214, -1.2649062)"
294,"""'Allo 'Allo!""",1982,"England, UK","(52.5310214, -1.2649062)"
295,"""'Allo 'Allo!""",1982,"England, UK","(52.5310214, -1.2649062)"
296,"""'Allo 'Allo!""",1982,"England, UK","(52.5310214, -1.2649062)"
297,"""'Allo 'Allo!""",1982,"England, UK","(52.5310214, -1.2649062)"
298,"""'Allo 'Allo!""",1982,"England, UK","(52.5310214, -1.2649062)"
299,"""'Allo 'Allo!""",1982,"England, UK","(52.5310214, -1.2649062)"
300,"""'Allo 'Allo!""",1982,"England, UK","(52.5310214, -1.2649062)"
301,"""'Allo 'Allo!""",1982,"England, UK","(52.5310214, -1.2649062)"
302,"""'Allo 'Allo!""",1982,"England, UK","(52.5310214, -1.2649062)"
303,"""'Allo 'Allo!""",1982,"England, UK","(52.5310214, -1.2649062)"
304,"""'Allo 'Allo!""",1982,"England, UK","(52.5310214, -1.2649062)"
305,"""'Allo 'Allo!""",1982,"England, UK","(52.5310214, -1.2649062)"
306,"""'Allo 'Allo!""",1982,"England, UK","(52.5310214, -1.2649062)"
307,"""'Da Kink in My Hair""",2007,"Toronto, Ontario, Canada","(43.6534817, -79.3839347)"
308,"""'Da Kink in My Hair""",2007,"Toronto, Ontario, Canada","(43.6534817, -79.3839347)"
309,"""'Da Kink in My Hair""",2007,"Toronto, Ontario, Canada","(43.6534817, -79.3839347)"
310,"""'Da Kink in My Hair""",2007,"Toronto, Ontario, Canada","(43.6534817, -79.3839347)"
311,"""'Da Kink in My Hair""",2007,"Toronto, Ontario, Canada","(43.6534817, -79.3839347)"
312,"""'Da Kink in My Hair""",2007,"Toronto, Ontario, Canada","(43.6534817, -79.3839347)"
313,"""'Da Kink in My Hair""",2007,"Toronto, Ontario, Canada","(43.6534817, -79.3839347)"
314,"""'Da Kink in My Hair""",2007,"Toronto, Ontario, Canada","(43.6534817, -79.3839347)"
315,"""'Da Kink in My Hair""",2007,"Toronto, Ontario, Canada","(43.6534817, -79.3839347)"
316,"""'Da Kink in My Hair""",2007,"Toronto, Ontario, Canada","(43.6534817, -79.3839347)"
317,"""'Da Kink in My Hair""",2007,"Toronto, Ontario, Canada","(43.6534817, -79.3839347)"
318,"""'Da Kink in My Hair""",2007,"Toronto, Ontario, Canada","(43.6534817, -79.3839347)"
319,"""'Da Kink in My Hair""",2007,"Toronto, Ontario, Canada","(43.6534817, -79.3839347)"
320,"""'Da Kink in My Hair""",2007,"Toronto, Ontario, Canada","(43.6534817, -79.3839347)"
321,"""'Da Kink in My Hair""",2007,"Toronto, Ontario, Canada","(43.6534817, -79.3839347)"
322,"""'Da Kink in My Hair""",2007,"Toronto, Ontario, Canada","(43.6534817, -79.3839347)"
323,"""'Da Kink in My Hair""",2007,"Toronto, Ontario, Canada","(43.6534817, -79.3839347)"
324,"""'Da Kink in My Hair""",2007,"Toronto, Ontario, Canada","(43.6534817, -79.3839347)"
325,"""'Da Kink in My Hair""",2007,"Toronto, Ontario, Canada","(43.6534817, -79.3839347)"
326,"""'Da Kink in My Hair""",2007,"Toronto, Ontario, Canada","(43.6534817, -79.3839347)"
327,"""'Da Kink in My Hair""",2007,"Toronto, Ontario, Canada","(43.6534817, -79.3839347)"
328,"""'Da Kink in My Hair""",2007,"Toronto, Ontario, Canada","(43.6534817, -79.3839347)"
329,"""'Da Kink in My Hair""",2007,"Toronto, Ontario, Canada","(43.6534817, -79.3839347)"
330,"""'Da Kink in My Hair""",2007,"Toronto, Ontario, Canada","(43.6534817, -79.3839347)"
331,"""'Da Kink in My Hair""",2007,"Toronto, Ontario, Canada","(43.6534817, -79.3839347)"
332,"""'Da Kink in My Hair""",2007,"Toronto, Ontario, Canada","(43.6534817, -79.3839347)"
333,"""'Frankie & Emma'""",2017,"London, England, UK","(51.5073219, -0.1276474)"
334,"""'More strasti'""",2000,Montenegro,"(42.9868853, 19.5180992)"
335,"""'Pathic""",????,"Sydney, New South Wales, Australia","(-33.8548157, 151.2164539)"
336,"""'Sang linggo nAPO sila""",1995,Philippines,"(12.7503486, 122.7312101)"
337,"""'Til Death Do Us Part""",2006,"Melrose Lumber, Ossining, New York, USA","(-179, -179)"
338,"""'Til Death Do Us Part""",2006,"South Presbyterian Church, Dobbs Ferry, New York, USA","(-179, -179)"
339,"""'Til Death Do Us Part""",2006,"Sportime USA - 380 Saw Mill River Rd, Elmsford, New York, USA","(41.068125, -73.8142505)"
340,"""'Til Death Do Us Part""",2006,"Hamilton, Ontario, Canada","(43.2560802, -79.8728583)"
341,"""'Til Death Do Us Part""",2006,"Fox's Den, King Street, Hamilton, Ontario, Canada","(-179, -179)"
342,"""'Til Death""",2006,"Sony Pictures Studios - 10202 W. Washington Blvd., Culver City, California, USA","(-179, -179)"
343,"""'Til Death""",2006,"Sony Pictures Studios - 10202 W. Washington Blvd., Culver City, California, USA","(-179, -179)"
344,"""'Til Death""",2006,"Sony Pictures Studios - 10202 W. Washington Blvd., Culver City, California, USA","(-179, -179)"
345,"""'Til Death""",2006,"Sony Pictures Studios - 10202 W. Washington Blvd., Culver City, California, USA","(-179, -179)"
346,"""'Til Death""",2006,"Sony Pictures Studios - 10202 W. Washington Blvd., Culver City, California, USA","(-179, -179)"
347,"""'Til Death""",2006,"Sony Pictures Studios - 10202 W. Washington Blvd., Culver City, California, USA","(-179, -179)"
348,"""'Til Death""",2006,"Sony Pictures Studios - 10202 W. Washington Blvd., Culver City, California, USA","(-179, -179)"
349,"""'Til Death""",2006,"Sony Pictures Studios - 10202 W. Washington Blvd., Culver City, California, USA","(-179, -179)"
350,"""'Til Death""",2006,"Sony Pictures Studios - 10202 W. Washington Blvd., Culver City, California, USA","(-179, -179)"
351,"""'Til Death""",2006,"Sony Pictures Studios - 10202 W. Washington Blvd., Culver City, California, USA","(-179, -179)"
352,"""'Til Death""",2006,"Sony Pictures Studios - 10202 W. Washington Blvd., Culver City, California, USA","(-179, -179)"
353,"""'Til Death""",2006,"Sony Pictures Studios - 10202 W. Washington Blvd., Culver City, California, USA","(-179, -179)"
354,"""'Til Death""",2006,"Sony Pictures Studios - 10202 W. Washington Blvd., Culver City, California, USA","(-179, -179)"
355,"""'Til Death""",2006,"Sony Pictures Studios - 10202 W. Washington Blvd., Culver City, California, USA","(-179, -179)"
356,"""'Til Death""",2006,"Sony Pictures Studios - 10202 W. Washington Blvd., Culver City, California, USA","(-179, -179)"
357,"""'Til Death""",2006,"Sony Pictures Studios - 10202 W. Washington Blvd., Culver City, California, USA","(-179, -179)"
358,"""'Til Death""",2006,"Sony Pictures Studios - 10202 W. Washington Blvd., Culver City, California, USA","(-179, -179)"
359,"""'Wag kukurap""",2004,Philippines,"(12.7503486, 122.7312101)"
360,"""'Way Out""",1961,"New York City, New York, USA","(40.7127281, -74.0060152)"
361,"""'Way Out""",1961,"New York City, New York, USA","(40.7127281, -74.0060152)"
362,"""'Way Out""",1961,"New York City, New York, USA","(40.7127281, -74.0060152)"
363,"""'Way Out""",1961,"New York City, New York, USA","(40.7127281, -74.0060152)"
364,"""'Way Out""",1961,"New York City, New York, USA","(40.7127281, -74.0060152)"
365,"""'Way Out""",1961,"New York City, New York, USA","(40.7127281, -74.0060152)"
366,"""'Way Out""",1961,"New York City, New York, USA","(40.7127281, -74.0060152)"
367,"""'Way Out""",1961,"New York City, New York, USA","(40.7127281, -74.0060152)"
368,"""'Way Out""",1961,"New York City, New York, USA","(40.7127281, -74.0060152)"
369,"""'Way Out""",1961,"New York City, New York, USA","(40.7127281, -74.0060152)"
370,"""'Way Out""",1961,"New York City, New York, USA","(40.7127281, -74.0060152)"
371,"""'Way Out""",1961,"New York City, New York, USA","(40.7127281, -74.0060152)"
372,"""'Way Out""",1961,"New York City, New York, USA","(40.7127281, -74.0060152)"
373,"""'Way Out""",1961,"New York City, New York, USA","(40.7127281, -74.0060152)"
374,"""'Way Out""",1961,"New York City, New York, USA","(40.7127281, -74.0060152)"
375,"""'n Shrink""",2009,"Austin, Texas, USA","(30.2711286, -97.7436995)"
376,"""'n Shrink""",2009,"Austin, Texas, USA","(30.2711286, -97.7436995)"
377,,Des),"Canal 3, Santos, SP, Brazil","(-23.9513538, -46.3258158)"
378,,Mis),"North Hollywood, Los Angeles, California, USA","(34.1729044, -118.3740371)"
379,,Mis),"Los Angeles, California, USA","(34.0536909, -118.242766)"
380,,Not),"New York City, New York, USA","(40.7127281, -74.0060152)"
381,,Re)p,"London, England, UK","(51.5073219, -0.1276474)"
382,,S)av,"Teatre Nacional de Catalunya, Barcelona, Catalonia, Spain","(41.3999764, 2.185709260410055)"
383,,S)av,"Teatre Romea, Barcelona, Catalonia, Spain","(41.3805321, 2.1710813)"
384,,S)av,"Parlament de Catalunya, Barcelona, Catalonia, Spain","(41.38810965, 2.1888825518499733)"
385,,Un)B,"Astoria, New York, USA","(40.7720145, -73.9302673)"
386,,gli),"Rome, Italy","(41.8933203, 12.4829321)"
387,"""+27: Social Innovators of South Africa""",2014,"Cape Town, South Africa","(-33.928992, 18.417396)"
388,"""+27: Social Innovators of South Africa""",2014,"Johannesburg, South Africa","(-26.205, 28.049722)"
389,"""...Amb Manel Fuentes""",2004,"Sant Joan Desp, Barcelona, Catalonia, Spain","(-179, -179)"
390,"""...De raz luna""",2008,Mexico,"(23.6585116, -102.0077097)"
391,"""...e le stelle stanno a guardare""",1971,"Massa Marittima, Grosseto, Tuscany, Italy","(43.0500376, 10.8879707)"
392,"""...e le stelle stanno a guardare""",1971,"Punta Ala, Castiglione della Pescaia, Grosseto, Tuscany, Italy","(42.8012564, 10.75113)"
393,"""...i Hetluften""",1994,Sweden,"(59.6749712, 14.5208584)"
394,"""/Drive on NBCSN""",2014,"Passo dello Stelvio, South Tyrol, Italy","(46.548015, 10.5055225)"
395,"""/Drive on NBCSN""",2014,"Woking, Surrey, England, UK","(51.3201891, -0.5564726)"
396,"""/Drive on NBCSN""",2014,"Abu Dhabi, United Arab Emirates","(24.4538352, 54.3774014)"
397,"""/Drive on NBCSN""",2014,"Zion National Park, Utah, USA","(37.320774, -113.00484758652519)"
398,"""/Drive on NBCSN""",2014,"Las Vegas, Nevada, USA","(36.1672559, -115.148516)"
399,"""/Drive on NBCSN""",2014,"Spring Mountain Motor Resort and Country Club, Pahrump, Nevada, USA","(-179, -179)"
400,"""/Drive on NBCSN""",2014,"Area 51 Alien Center, Amargosa Valley, Nevada, USA","(-179, -179)"
401,"""/Drive on NBCSN""",2014,"Death Valley National Park, California, USA","(36.42404725, -116.914043672057)"
402,"""/Drive on NBCSN""",2014,"Yosemite National Park, California, USA","(37.84054795, -119.51658779802511)"
403,"""01-For London""",1987,"London, England, UK","(51.5073219, -0.1276474)"
404,"""01.09""",2017,"So Paulo, So Paulo, Brazil","(-179, -179)"
405,"""0511 Sondersendung zu Theaterformen""",2007,"Hannover, Lower Saxony, Germany","(52.3744779, 9.7385532)"
406,"""0511 TV Lokal""",2007,"Hannover, Lower Saxony, Germany","(52.3744779, 9.7385532)"
407,"""0511 TV Lokal""",2007,"Hannover, Lower Saxony, Germany","(52.3744779, 9.7385532)"
408,"""0511 TV Lokal""",2007,"Hannover, Lower Saxony, Germany","(52.3744779, 9.7385532)"
409,"""0511 TV Lokal""",2007,"Hannover, Lower Saxony, Germany","(52.3744779, 9.7385532)"
410,"""0511 TV Lokal""",2007,"Barsinghausen, Lower Saxony, Germany","(52.30223, 9.4623741)"
411,"""0511 TV Lokal""",2007,"Hannover, Lower Saxony, Germany","(52.3744779, 9.7385532)"
412,"""0511 TV Lokal""",2007,"Hannover, Lower Saxony, Germany","(52.3744779, 9.7385532)"
413,"""0511 TV Lokal""",2007,"Hannover, Lower Saxony, Germany","(52.3744779, 9.7385532)"
414,"""0511 TV Lokal""",2007,"Hannover, Lower Saxony, Germany","(52.3744779, 9.7385532)"
415,"""0511 TV Lokal""",2007,"Hannover, Lower Saxony, Germany","(52.3744779, 9.7385532)"
416,"""0511 TV Lokal""",2007,"Hannover, Lower Saxony, Germany","(52.3744779, 9.7385532)"
417,"""0511 TV Lokal""",2007,"Hannover, Lower Saxony, Germany","(52.3744779, 9.7385532)"
418,"""0511 TV Lokal""",2007,"Hannover, Lower Saxony, Germany","(52.3744779, 9.7385532)"
419,"""0511 TV Lokal""",2007,"Hannover, Lower Saxony, Germany","(52.3744779, 9.7385532)"
420,"""0511 TV Lokal""",2007,"Hannover, Lower Saxony, Germany","(52.3744779, 9.7385532)"
421,"""0511 TV Lokal""",2007,"Hannover, Lower Saxony, Germany","(52.3744779, 9.7385532)"
422,"""0511 TV Lokal""",2007,"Hannover, Lower Saxony, Germany","(52.3744779, 9.7385532)"
423,"""0511 TV Lokal""",2007,"Hannover, Lower Saxony, Germany","(52.3744779, 9.7385532)"
424,"""0511 TV Lokal""",2007,"Hannover, Lower Saxony, Germany","(52.3744779, 9.7385532)"
425,"""0511 TV Lokal""",2007,"Hannover, Lower Saxony, Germany","(52.3744779, 9.7385532)"
426,"""0511 TV Lokal""",2007,"Hannover, Lower Saxony, Germany","(52.3744779, 9.7385532)"
427,"""0511 TV Lokal""",2007,"Lehrte, Lower Saxony, Germany","(52.3749334, 9.9748557)"
428,"""0511 TV Lokal""",2007,"Hannover, Lower Saxony, Germany","(52.3744779, 9.7385532)"
429,"""0511 TV Lokal""",2007,"Hannover, Lower Saxony, Germany","(52.3744779, 9.7385532)"
430,"""0511 TV Lokal""",2007,"Hannover, Lower Saxony, Germany","(52.3744779, 9.7385532)"
431,"""0511 TV Lokal""",2007,"Hannover, Lower Saxony, Germany","(52.3744779, 9.7385532)"
432,"""0511 TV Lokal""",2007,"Celle, Lower Saxony, Germany","(52.624056, 10.081052)"
433,"""0511 TV Lokal""",2007,"Hannover, Lower Saxony, Germany","(52.3744779, 9.7385532)"
434,"""0511 TV Lokal""",2007,"Hannover, Lower Saxony, Germany","(52.3744779, 9.7385532)"
435,"""0511 TV Lokal""",2007,"Hannover, Lower Saxony, Germany","(52.3744779, 9.7385532)"
436,"""0511 TV Lokal""",2007,"Hannover, Lower Saxony, Germany","(52.3744779, 9.7385532)"
437,"""0511 TV Lokal""",2007,"Hannover, Lower Saxony, Germany","(52.3744779, 9.7385532)"
438,"""0511 TV Lokal""",2007,"Hannover, Lower Saxony, Germany","(52.3744779, 9.7385532)"
439,"""0511 TV Lokal""",2007,"Hannover, Lower Saxony, Germany","(52.3744779, 9.7385532)"
440,"""0511 TV Lokal""",2007,"Hannover, Lower Saxony, Germany","(52.3744779, 9.7385532)"
441,"""0511 TV Lokal""",2007,"Hannover, Lower Saxony, Germany","(52.3744779, 9.7385532)"
442,"""0511 TV Lokal""",2007,"Hannover, Lower Saxony, Germany","(52.3744779, 9.7385532)"
443,"""0511 TV Lokal""",2007,"Hannover, Lower Saxony, Germany","(52.3744779, 9.7385532)"
444,"""0511 TV Lokal""",2007,"Hannover, Lower Saxony, Germany","(52.3744779, 9.7385532)"
445,"""0511 TV Lokal""",2007,"Hannover, Lower Saxony, Germany","(52.3744779, 9.7385532)"
446,"""0511 TV Lokal""",2007,"Hannover, Lower Saxony, Germany","(52.3744779, 9.7385532)"
447,"""0511 TV Lokal""",2007,"Hannover, Lower Saxony, Germany","(52.3744779, 9.7385532)"
448,"""0511 TV Lokal""",2007,"Hannover, Lower Saxony, Germany","(52.3744779, 9.7385532)"
449,"""0511 TV Lokal""",2007,"Hannover, Lower Saxony, Germany","(52.3744779, 9.7385532)"
450,"""0511 TV Lokal""",2007,"Hannover, Lower Saxony, Germany","(52.3744779, 9.7385532)"
451,"""0511 TV Lokal""",2007,"Hannover, Lower Saxony, Germany","(52.3744779, 9.7385532)"
452,"""0511 TV Lokal""",2007,"Hannover, Lower Saxony, Germany","(52.3744779, 9.7385532)"
453,"""0511 TV Lokal""",2007,"Hannover, Lower Saxony, Germany","(52.3744779, 9.7385532)"
454,"""0511 TV Lokal""",2007,"Hannover, Lower Saxony, Germany","(52.3744779, 9.7385532)"
455,"""0511 TV Lokal""",2007,"Hannover, Lower Saxony, Germany","(52.3744779, 9.7385532)"
456,"""0511 TV Lokal""",2007,"Hannover, Lower Saxony, Germany","(52.3744779, 9.7385532)"
457,"""0511 TV Lokal""",2007,"Hannover, Lower Saxony, Germany","(52.3744779, 9.7385532)"
458,"""0511 TV Lokal""",2007,"Hannover, Lower Saxony, Germany","(52.3744779, 9.7385532)"
459,"""0511 TV Lokal""",2007,"Hannover, Lower Saxony, Germany","(52.3744779, 9.7385532)"
460,"""0511 TV Lokal""",2007,"Hannover, Lower Saxony, Germany","(52.3744779, 9.7385532)"
461,"""0511 TV Lokal""",2007,"Hannover, Lower Saxony, Germany","(52.3744779, 9.7385532)"
462,"""0511 TV Lokal""",2007,"Hannover, Lower Saxony, Germany","(52.3744779, 9.7385532)"
463,"""0511 TV Lokal""",2007,"Hannover, Lower Saxony, Germany","(52.3744779, 9.7385532)"
464,"""0511 TV Lokal""",2007,"Hannover, Lower Saxony, Germany","(52.3744779, 9.7385532)"
465,"""0511 TV Lokal""",2007,"Hannover, Lower Saxony, Germany","(52.3744779, 9.7385532)"
466,"""07 zglos sie""",1976,"Warsaw, Mazowieckie, Poland","(52.2319581, 21.0067249)"
467,"""07 zglos sie""",1976,"Central Station, Aleje Jerozolimskie, Srdmiescie, Warsaw, Mazowieckie, Poland","(-179, -179)"
468,"""07 zglos sie""",1976,"Sopot, Pomorskie, Poland","(54.44190905, 18.54309444570447)"
469,"""0800 no llames""",2005,"Buenos Aires, Federal District, Argentina","(-179, -179)"
470,"""0800 no llames""",2005,"Buenos Aires, Federal District, Argentina","(-179, -179)"
471,"""0800 no llames""",2005,"Buenos Aires, Federal District, Argentina","(-179, -179)"
472,"""0800 no llames""",2005,"Buenos Aires, Federal District, Argentina","(-179, -179)"
473,"""099 Central""",2002,"Buenos Aires, Federal District, Argentina","(-179, -179)"
474,"""099 Central""",2002,"Buenos Aires, Federal District, Argentina","(-179, -179)"
475,"""099 Central""",2002,"Buenos Aires, Federal District, Argentina","(-179, -179)"
476,"""099 Central""",2002,"Buenos Aires, Federal District, Argentina","(-179, -179)"
477,"""099 Central""",2002,"Buenos Aires, Federal District, Argentina","(-179, -179)"
478,"""099 Central""",2002,"Buenos Aires, Federal District, Argentina","(-179, -179)"
479,"""099 Central""",2002,"Buenos Aires, Federal District, Argentina","(-179, -179)"
480,"""099 Central""",2002,"Buenos Aires, Federal District, Argentina","(-179, -179)"
481,"""099 Central""",2002,"Buenos Aires, Federal District, Argentina","(-179, -179)"
482,"""099 Central""",2002,"Buenos Aires, Federal District, Argentina","(-179, -179)"
483,"""099 Central""",2002,"Buenos Aires, Federal District, Argentina","(-179, -179)"
484,"""099 Central""",2002,"Buenos Aires, Federal District, Argentina","(-179, -179)"
485,"""099 Central""",2002,"Buenos Aires, Federal District, Argentina","(-179, -179)"
486,"""099 Central""",2002,"Buenos Aires, Federal District, Argentina","(-179, -179)"
487,"""099 Central""",2002,"Buenos Aires, Federal District, Argentina","(-179, -179)"
488,"""099 Central""",2002,"Buenos Aires, Federal District, Argentina","(-179, -179)"
489,"""099 Central""",2002,"Buenos Aires, Federal District, Argentina","(-179, -179)"
490,"""099 Central""",2002,"Buenos Aires, Federal District, Argentina","(-179, -179)"
491,"""099 Central""",2002,"Buenos Aires, Federal District, Argentina","(-179, -179)"
492,"""099 Central""",2002,"Buenos Aires, Federal District, Argentina","(-179, -179)"
493,"""099 Central""",2002,"Buenos Aires, Federal District, Argentina","(-179, -179)"
494,"""099 Central""",2002,"Buenos Aires, Federal District, Argentina","(-179, -179)"
495,"""099 Central""",2002,"Buenos Aires, Federal District, Argentina","(-179, -179)"
496,"""099 Central""",2002,"Buenos Aires, Federal District, Argentina","(-179, -179)"
497,"""099 Central""",2002,"Buenos Aires, Federal District, Argentina","(-179, -179)"
498,"""099 Central""",2002,"Buenos Aires, Federal District, Argentina","(-179, -179)"
499,"""099 Central""",2002,"Buenos Aires, Federal District, Argentina","(-179, -179)"
500,"""099 Central""",2002,"Buenos Aires, Federal District, Argentina","(-179, -179)"
501,"""099 Central""",2002,"Buenos Aires, Federal District, Argentina","(-179, -179)"
502,"""099 Central""",2002,"Buenos Aires, Federal District, Argentina","(-179, -179)"
503,"""099 Central""",2002,"Buenos Aires, Federal District, Argentina","(-179, -179)"
504,"""099 Central""",2002,"Buenos Aires, Federal District, Argentina","(-179, -179)"
505,"""099 Central""",2002,"Buenos Aires, Federal District, Argentina","(-179, -179)"
506,"""099 Central""",2002,"Buenos Aires, Federal District, Argentina","(-179, -179)"
507,"""099 Central""",2002,"Buenos Aires, Federal District, Argentina","(-179, -179)"
508,"""099 Central""",2002,"Buenos Aires, Federal District, Argentina","(-179, -179)"
509,"""099 Central""",2002,"Buenos Aires, Federal District, Argentina","(-179, -179)"
510,"""099 Central""",2002,"Buenos Aires, Federal District, Argentina","(-179, -179)"
511,"""099 Central""",2002,"Buenos Aires, Federal District, Argentina","(-179, -179)"
512,"""099 Central""",2002,"Buenos Aires, Federal District, Argentina","(-179, -179)"
513,"""099 Central""",2002,"Buenos Aires, Federal District, Argentina","(-179, -179)"
514,"""099 Central""",2002,"Buenos Aires, Federal District, Argentina","(-179, -179)"
515,"""099 Central""",2002,"Buenos Aires, Federal District, Argentina","(-179, -179)"
516,"""099 Central""",2002,"Buenos Aires, Federal District, Argentina","(-179, -179)"
517,"""099 Central""",2002,"Buenos Aires, Federal District, Argentina","(-179, -179)"
518,"""099 Central""",2002,"Buenos Aires, Federal District, Argentina","(-179, -179)"
519,"""099 Central""",2002,"Buenos Aires, Federal District, Argentina","(-179, -179)"
520,"""099 Central""",2002,"Buenos Aires, Federal District, Argentina","(-179, -179)"
521,"""099 Central""",2002,"Buenos Aires, Federal District, Argentina","(-179, -179)"
522,"""099 Central""",2002,"Buenos Aires, Federal District, Argentina","(-179, -179)"
523,"""099 Central""",2002,"Buenos Aires, Federal District, Argentina","(-179, -179)"
524,"""099 Central""",2002,"Buenos Aires, Federal District, Argentina","(-179, -179)"
525,"""099 Central""",2002,"Buenos Aires, Federal District, Argentina","(-179, -179)"
526,"""099 Central""",2002,"Buenos Aires, Federal District, Argentina","(-179, -179)"
527,"""099 Central""",2002,"Buenos Aires, Federal District, Argentina","(-179, -179)"
528,"""099 Central""",2002,"Buenos Aires, Federal District, Argentina","(-179, -179)"
529,"""099 Central""",2002,"Buenos Aires, Federal District, Argentina","(-179, -179)"
530,"""099 Central""",2002,"Buenos Aires, Federal District, Argentina","(-179, -179)"
531,"""099 Central""",2002,"Buenos Aires, Federal District, Argentina","(-179, -179)"
532,"""099 Central""",2002,"Buenos Aires, Federal District, Argentina","(-179, -179)"
533,"""099 Central""",2002,"Buenos Aires, Federal District, Argentina","(-179, -179)"
534,"""099 Central""",2002,"Buenos Aires, Federal District, Argentina","(-179, -179)"
535,"""099 Central""",2002,"Buenos Aires, Federal District, Argentina","(-179, -179)"
536,"""099 Central""",2002,"Buenos Aires, Federal District, Argentina","(-179, -179)"
537,"""099 Central""",2002,"Buenos Aires, Federal District, Argentina","(-179, -179)"
538,"""099 Central""",2002,"Buenos Aires, Federal District, Argentina","(-179, -179)"
539,"""099 Central""",2002,"Buenos Aires, Federal District, Argentina","(-179, -179)"
540,"""099 Central""",2002,"Buenos Aires, Federal District, Argentina","(-179, -179)"
541,"""099 Central""",2002,"Buenos Aires, Federal District, Argentina","(-179, -179)"
542,"""099 Central""",2002,"Buenos Aires, Federal District, Argentina","(-179, -179)"
543,"""099 Central""",2002,"Buenos Aires, Federal District, Argentina","(-179, -179)"
544,"""099 Central""",2002,"Buenos Aires, Federal District, Argentina","(-179, -179)"
545,"""099 Central""",2002,"Buenos Aires, Federal District, Argentina","(-179, -179)"
546,"""099 Central""",2002,"Buenos Aires, Federal District, Argentina","(-179, -179)"
547,"""099 Central""",2002,"Buenos Aires, Federal District, Argentina","(-179, -179)"
548,"""099 Central""",2002,"Buenos Aires, Federal District, Argentina","(-179, -179)"
549,"""099 Central""",2002,"Buenos Aires, Federal District, Argentina","(-179, -179)"
550,"""099 Central""",2002,"Buenos Aires, Federal District, Argentina","(-179, -179)"
551,"""099 Central""",2002,"Buenos Aires, Federal District, Argentina","(-179, -179)"
552,"""099 Central""",2002,"Buenos Aires, Federal District, Argentina","(-179, -179)"
553,"""099 Central""",2002,"Buenos Aires, Federal District, Argentina","(-179, -179)"
554,"""099 Central""",2002,"Buenos Aires, Federal District, Argentina","(-179, -179)"
555,"""099 Central""",2002,"Buenos Aires, Federal District, Argentina","(-179, -179)"
556,"""099 Central""",2002,"Buenos Aires, Federal District, Argentina","(-179, -179)"
557,"""099 Central""",2002,"Buenos Aires, Federal District, Argentina","(-179, -179)"
558,"""099 Central""",2002,"Buenos Aires, Federal District, Argentina","(-179, -179)"
559,"""099 Central""",2002,"Buenos Aires, Federal District, Argentina","(-179, -179)"
560,"""099 Central""",2002,"Buenos Aires, Federal District, Argentina","(-179, -179)"
561,"""099 Central""",2002,"Buenos Aires, Federal District, Argentina","(-179, -179)"
562,"""099 Central""",2002,"Buenos Aires, Federal District, Argentina","(-179, -179)"
563,"""099 Central""",2002,"Buenos Aires, Federal District, Argentina","(-179, -179)"
564,"""099 Central""",2002,"Buenos Aires, Federal District, Argentina","(-179, -179)"
565,"""099 Central""",2002,"Buenos Aires, Federal District, Argentina","(-179, -179)"
566,"""099 Central""",2002,"Buenos Aires, Federal District, Argentina","(-179, -179)"
567,"""099 Central""",2002,"Buenos Aires, Federal District, Argentina","(-179, -179)"
568,"""099 Central""",2002,"Buenos Aires, Federal District, Argentina","(-179, -179)"
569,"""099 Central""",2002,"Buenos Aires, Federal District, Argentina","(-179, -179)"
570,"""099 Central""",2002,"Buenos Aires, Federal District, Argentina","(-179, -179)"
571,"""099 Central""",2002,"Buenos Aires, Federal District, Argentina","(-179, -179)"
572,"""099 Central""",2002,"Buenos Aires, Federal District, Argentina","(-179, -179)"
573,"""099 Central""",2002,"Buenos Aires, Federal District, Argentina","(-179, -179)"
574,"""099 Central""",2002,"Buenos Aires, Federal District, Argentina","(-179, -179)"
575,"""099 Central""",2002,"Buenos Aires, Federal District, Argentina","(-179, -179)"
576,"""099 Central""",2002,"Buenos Aires, Federal District, Argentina","(-179, -179)"
577,"""099 Central""",2002,"Buenos Aires, Federal District, Argentina","(-179, -179)"
578,"""099 Central""",2002,"Buenos Aires, Federal District, Argentina","(-179, -179)"
579,"""099 Central""",2002,"Buenos Aires, Federal District, Argentina","(-179, -179)"
580,"""099 Central""",2002,"Buenos Aires, Federal District, Argentina","(-179, -179)"
581,"""099 Central""",2002,"Buenos Aires, Federal District, Argentina","(-179, -179)"
582,"""099 Central""",2002,"Buenos Aires, Federal District, Argentina","(-179, -179)"
583,"""099 Central""",2002,"Buenos Aires, Federal District, Argentina","(-179, -179)"
584,"""099 Central""",2002,"Buenos Aires, Federal District, Argentina","(-179, -179)"
585,"""099 Central""",2002,"Buenos Aires, Federal District, Argentina","(-179, -179)"
586,"""099 Central""",2002,"Buenos Aires, Federal District, Argentina","(-179, -179)"
587,"""099 Central""",2002,"Buenos Aires, Federal District, Argentina","(-179, -179)"
588,"""099 Central""",2002,"Buenos Aires, Federal District, Argentina","(-179, -179)"
589,"""099 Central""",2002,"Buenos Aires, Federal District, Argentina","(-179, -179)"
590,"""099 Central""",2002,"Buenos Aires, Federal District, Argentina","(-179, -179)"
591,"""099 Central""",2002,"Buenos Aires, Federal District, Argentina","(-179, -179)"
592,"""099 Central""",2002,"Buenos Aires, Federal District, Argentina","(-179, -179)"
593,"""099 Central""",2002,"Buenos Aires, Federal District, Argentina","(-179, -179)"
594,"""099 Central""",2002,"Buenos Aires, Federal District, Argentina","(-179, -179)"
595,"""099 Central""",2002,"Buenos Aires, Federal District, Argentina","(-179, -179)"
596,"""099 Central""",2002,"Buenos Aires, Federal District, Argentina","(-179, -179)"
597,"""099 Central""",2002,"Buenos Aires, Federal District, Argentina","(-179, -179)"
598,"""099 Central""",2002,"Buenos Aires, Federal District, Argentina","(-179, -179)"
599,"""099 Central""",2002,"Buenos Aires, Federal District, Argentina","(-179, -179)"
600,"""099 Central""",2002,"Buenos Aires, Federal District, Argentina","(-179, -179)"
601,"""099 Central""",2002,"Buenos Aires, Federal District, Argentina","(-179, -179)"
602,"""099 Central""",2002,"Buenos Aires, Federal District, Argentina","(-179, -179)"
603,"""099 Central""",2002,"Buenos Aires, Federal District, Argentina","(-179, -179)"
604,"""099 Central""",2002,"Buenos Aires, Federal District, Argentina","(-179, -179)"
605,"""099 Central""",2002,"Buenos Aires, Federal District, Argentina","(-179, -179)"
606,"""099 Central""",2002,"Buenos Aires, Federal District, Argentina","(-179, -179)"
607,"""099 Central""",2002,"Buenos Aires, Federal District, Argentina","(-179, -179)"
608,"""099 Central""",2002,"Buenos Aires, Federal District, Argentina","(-179, -179)"
609,"""099 Central""",2002,"Buenos Aires, Federal District, Argentina","(-179, -179)"
610,"""099 Central""",2002,"Buenos Aires, Federal District, Argentina","(-179, -179)"
611,"""099 Central""",2002,"Buenos Aires, Federal District, Argentina","(-179, -179)"
612,"""099 Central""",2002,"Buenos Aires, Federal District, Argentina","(-179, -179)"
613,"""099 Central""",2002,"Buenos Aires, Federal District, Argentina","(-179, -179)"
614,"""099 Central""",2002,"Buenos Aires, Federal District, Argentina","(-179, -179)"
615,"""099 Central""",2002,"Buenos Aires, Federal District, Argentina","(-179, -179)"
616,"""099 Central""",2002,"Buenos Aires, Federal District, Argentina","(-179, -179)"
617,"""1 Gay 5 Queens""",2013,"West Hollywood, California, USA","(34.0923014, -118.3692894)"
618,"""1 Girl 5 Gays""",2009,"Toronto, Ontario, Canada","(43.6534817, -79.3839347)"
619,"""1 Kadin 1 Erkek""",2008,"Istanbul, Turkey","(41.0096334, 28.9651646)"
620,"""1 Non Blonde""",2010,New Zealand,"(-41.5000831, 172.8344077)"
621,"""1 chan KNB""",2007,"Toyama, Japan","(36.6957569, 137.2136215)"
622,"""1 quart de 3""",2008,"Sant Joan Desp, Barcelona, Catalonia, Spain","(-179, -179)"
623,"""1 vs 100""",2007,"Central City Studios, Melbourne, Victoria, Australia","(-179, -179)"
624,"""1 vs. 100""",2006,"Culver Studios - 9336 W. Washington Blvd., Culver City, California, USA","(-179, -179)"
625,"""1 vs. 100""",2010,"Los Angeles, California, USA","(34.0536909, -118.242766)"
626,"""1, 2 oder 3""",1977,"Adlershof, Berlin, Germany","(52.4378932, 13.5475496)"
627,"""1, 2, 3 Go""",1961,"Sussex, England, UK","(50.94451385000001, -0.062267328417847545)"
628,"""1, 2, 3, Out""",1999,"Mar del Plata, General Pueyrredn, Buenos Aires, Federal District, Argentina","(-179, -179)"
629,"""1,000 Places to See Before You Die""",2007,"Corcovado, Rio de Janeiro, Rio de Janeiro, Brazil","(-22.9519478, -43.210579)"
630,"""1,000 Places to See Before You Die""",2007,"Christ the Redeemer, Corcovado, Rio de Janeiro, Rio de Janeiro, Brazil","(-22.9519173, -43.2104585)"
631,"""1,000 Places to See Before You Die""",2007,"Po de Acar, Urca, Rio de Janeiro, Rio de Janeiro, Brazil","(-179, -179)"
632,"""1,000 Places to See Before You Die""",2007,"Isabel Samba School, Ipanema, Rio de Janeiro, Rio de Janeiro, Brazil","(-179, -179)"
633,"""1,000 Places to See Before You Die""",2007,"Manaus, Amazonas, Brazil","(-3.1316333, -59.9825041)"
634,"""1,000 Places to See Before You Die""",2007,"Rio Negro, Amazonas, Brazil","(-1.6361292, -61.4521354)"
635,"""1,000 Places to See Before You Die""",2007,"Aria Amazon Towers Hotel, Manaus, Amazonas, Brazil","(-179, -179)"
636,"""1,000 Places to See Before You Die""",2007,"Bacu Tribe Village, Amazonas, Brazil","(-179, -179)"
637,"""1,000 Places to See Before You Die""",2007,"Copacabana Palace Hotel, Rio de Janeiro, Brazil","(-22.9670027, -43.1790751)"
638,"""1,000 Places to See Before You Die""",2007,"Beloso Beach, Rio de Janeiro, Rio de Janeiro, Brazil","(-179, -179)"
639,"""1,000 Places to See Before You Die""",2007,"Garota de Ipanema, Ipanema, Rio de Janeiro, Rio de Janeiro, Brazil","(-22.9852383, -43.202981)"
640,"""1,000 Places to See Before You Die""",2007,"Pedra Bonita, Parque Nacional da Tijuca, Rio de Janeiro, Rio de Janeiro, Brazil","(-179, -179)"
641,"""1,000 Places to See Before You Die""",2007,"Rio de Janeiro, Rio de Janeiro, Brazil","(-22.9110137, -43.2093727)"
642,"""1,000 Places to See Before You Die""",2007,"Cosme Velho District, Rio de Janeiro, Rio de Janeiro, Brazil","(-179, -179)"
643,"""1,000 Places to See Before You Die""",2007,"Fairmont Chateau Whistler - 4599 Chateau Blvd, Whistler, British Columbia, Canada","(50.117341350000004, -122.94490421815297)"
644,"""1,000 Places to See Before You Die""",2007,"British Columbia, Canada","(55.001251, -125.002441)"
645,"""1,000 Places to See Before You Die""",2007,"Tofino, British Columbia, Canada","(49.1529643, -125.9047083)"
646,"""1,000 Places to See Before You Die""",2007,"Wickaninnish Inn - 500 Osprey Ln, Tofino, British Columbia, Canada","(49.123013400000005, -125.90132416766636)"
647,"""1,000 Places to See Before You Die""",2007,"Vancouver, British Columbia, Canada","(49.2608724, -123.113952)"
648,"""1,000 Places to See Before You Die""",2007,"Tojo's Restaurant - 1133 W Broadway, Vancouver, British Columbia, Canada","(-179, -179)"
649,"""1,000 Places to See Before You Die""",2007,"Fairmont Waterfront - 900 Canada Place Way, Vancouver, British Columbia, Canada","(-179, -179)"
650,"""1,000 Places to See Before You Die""",2007,"Rogers Arena - 800 Griffiths Way, Vancouver, British Columbia, Canada","(49.2779085, -123.10894170979472)"
651,"""1,000 Places to See Before You Die""",2007,"Granville Island Public Market, Granville Island, Vancouver, British Columbia, Canada","(-179, -179)"
652,"""1,000 Places to See Before You Die""",2007,"Vancouver Aquarium, Stanley Park, Vancouver, British Columbia, Canada","(-179, -179)"
653,"""1,000 Places to See Before You Die""",2007,"Whistler Blackcomb, Whistler, British Columbia, Canada","(50.0814471, -122.96277172544472)"
654,"""1,000 Places to See Before You Die""",2007,"Paris, France","(48.8588897, 2.3200410217200766)"
655,"""1,000 Places to See Before You Die""",2007,"Htel de Crillon - 10 Place de la Concorde, Paris 8, Paris, France","(-179, -179)"
656,"""1,000 Places to See Before You Die""",2007,"Arc de Triomphe, Paris 8, Paris, France","(48.8737791, 2.295037226037673)"
657,"""1,000 Places to See Before You Die""",2007,"Rue Montorgueil, Paris 2, Paris, France","(48.8658583, 2.3470562)"
658,"""1,000 Places to See Before You Die""",2007,"Taillevent - 15 Rue Lamennais, Paris 8, Paris, France","(-179, -179)"
659,"""1,000 Places to See Before You Die""",2007,"Htel des Invalides, Rue de Grenelle, Paris 7, Paris, France","(-179, -179)"
660,"""1,000 Places to See Before You Die""",2007,"Seine River, Paris, France","(48.8538465, 2.3453468)"
661,"""1,000 Places to See Before You Die""",2007,"Montmartre, Paris 18, Paris, France","(48.8846283, 2.3381804)"
662,"""1,000 Places to See Before You Die""",2007,"Basilique du Sacr-Coeur, Montmartre, Paris 18, Paris, France","(-179, -179)"
663,"""1,000 Places to See Before You Die""",2007,"Tour Eiffel, Champ de Mars, Paris 7, Paris, France","(-179, -179)"
664,"""1,000 Places to See Before You Die""",2007,Monaco,"(43.73844905, 7.424224092532953)"
665,"""1,000 Places to See Before You Die""",2007,"Casino Square, Monte Carlo, Monaco","(43.739358949999996, 7.427822378154129)"
666,"""1,000 Places to See Before You Die""",2007,"Hotel de Paris, Place du Casino, Monte Carlo, Monaco","(43.738835300000005, 7.426632622648073)"
667,"""1,000 Places to See Before You Die""",2007,"Casino de Monte Carlo, Monte Carlo, Monaco","(43.7391605, 7.428023)"
668,"""1,000 Places to See Before You Die""",2007,"Monte Carlo, Monaco","(43.7402961, 7.426559)"
669,"""1,000 Places to See Before You Die""",2007,"Monte Carlo Bay Hotel and Resort - 40 Avenue Princesse Grace, Monte Carlo, Monaco","(-179, -179)"
670,"""1,000 Places to See Before You Die""",2007,"Observatory Cave, Monte Carlo, Monaco","(-179, -179)"
671,"""1,000 Places to See Before You Die""",2007,"Eze Village, Alpes-Maritimes, France","(43.7297829, 7.3618851)"
672,"""1,000 Places to See Before You Die""",2007,"Saint-Paul-de-Vence, Alpes-Maritimes, France","(43.697972, 7.1216304)"
673,"""1,000 Places to See Before You Die""",2007,"Auberge des Templiers, Saint-Paul-de-Vence, Alpes-Maritimes, France","(-179, -179)"
674,"""1,000 Places to See Before You Die""",2007,Mexico,"(23.6585116, -102.0077097)"
675,"""1,000 Places to See Before You Die""",2007,"Guadalajara, Jalisco, Mexico","(20.6720375, -103.338396)"
676,"""1,000 Places to See Before You Die""",2007,"Tequila, Jalisco, Mexico","(20.8821155, -103.8370907)"
677,"""1,000 Places to See Before You Die""",2007,"La Rojena Distillery, Tequila, Jalisco, Mexico","(-179, -179)"
678,"""1,000 Places to See Before You Die""",2007,"Tlaquepaque, Jalisco, Mexico","(20.6397718, -103.3120428)"
679,"""1,000 Places to See Before You Die""",2007,"Zihuatanejo, Guerrero, Mexico","(17.6467874, -101.5519746)"
680,"""1,000 Places to See Before You Die""",2007,"La Casa que Canta, Zihuatanejo, Guerrero, Mexico","(-179, -179)"
681,"""1,000 Places to See Before You Die""",2007,"Playa de la Ropa, Zihuatanejo, Guerrero, Mexico","(17.6288862, -101.5420916)"
682,"""1,000 Places to See Before You Die""",2007,"Barra de Potos, Guerrero, Mexico","(-179, -179)"
683,"""1,000 Places to See Before You Die""",2007,South Africa,"(-28.8166236, 24.991639)"
684,"""1,000 Places to See Before You Die""",2007,"Gansbaai Island, South Africa","(-179, -179)"
685,"""1,000 Places to See Before You Die""",2007,"Hermanus, South Africa","(-34.4175, 19.2361111)"
686,"""1,000 Places to See Before You Die""",2007,"Birkenhead House, Hermanus, South Africa","(-34.4183033, 19.24442746322169)"
687,"""1,000 Places to See Before You Die""",2007,"Botlierskop Game Reserve, South Africa","(-34.03058865, 22.13969101357143)"
688,"""1,000 Places to See Before You Die""",2007,"Botlierskop Lodge, Botlierskop Game Reserve, South Africa","(-179, -179)"
689,"""1,000 Places to See Before You Die""",2007,"Cango Valley, South Africa","(-179, -179)"
690,"""1,000 Places to See Before You Die""",2007,"Cape Town, Western Cape, South Africa","(-33.928992, 18.417396)"
691,"""1,000 Places to See Before You Die""",2007,"Table Mountain, Cape Town, Western Cape, South Africa","(-33.9593679, 18.4042289)"
692,"""1,000 Places to See Before You Die""",2007,"Mount Nelson Hotel, Cape Town, Western Cape, South Africa","(-33.931816, 18.411391195065455)"
693,"""1,000 Places to See Before You Die""",2007,"District Six Museum - 25A Buitenkant Street, Zonnebloem, Cape Town, Western Cape, South Africa","(-179, -179)"
694,"""1,000 Places to See Before You Die""",2007,"Kayamandi Township, Cape Town, Western Cape, South Africa","(-179, -179)"
695,"""1,000 Places to See Before You Die""",2007,"Bo Kaap, Cape Town, Western Cape, South Africa","(-33.920560949999995, 18.41288085411493)"
696,"""1,000 Places to See Before You Die""",2007,"Victoria & Alfred Waterfront, Cape Town, Western Cape, South Africa","(-33.9137038, 18.422237099414716)"
697,"""1,000 Places to See Before You Die""",2007,"Robben Island, Cape Town, Western Cape, South Africa","(-33.805299950000006, 18.36888354984039)"
698,"""1-2-3 Istanbul!""",2009,"Burgas, Bulgaria","(42.444553, 27.208264534658166)"
699,"""1-2-3 Istanbul!""",2009,"Istanbul, Turkey","(41.0096334, 28.9651646)"
700,"""1-2-3 Istanbul!""",2009,"Ljubljana, Slovenia","(46.0499803, 14.5068602)"
701,"""1-2-3 Istanbul!""",2009,"Medugorje, Bosnia-Herzegovina","(43.1905339, 17.6775328)"
702,"""1-2-3 Istanbul!""",2009,"Mostar, Bosnia-Herzegovina","(43.3435855, 17.8076584)"
703,"""1-2-3 Istanbul!""",2009,"Sarajevo, Bosnia-Herzegovina","(43.8519774, 18.3866868)"
704,"""1-2-3 Istanbul!""",2009,"Shkoder, Albania","(42.0681371, 19.5121437)"
705,"""1-2-3 Istanbul!""",2009,"Skopje, Macedonia","(41.9960924, 21.4316495)"
706,"""1-2-3 Istanbul!""",2009,"Tirana, Albania","(41.3279485, 19.8185512)"
707,"""1-2-3 Istanbul!""",2009,"Zagreb, Croatia","(45.8131847, 15.9771774)"
708,"""1-2-3 Moskau!""",2008,"Berlin, Germany","(52.5170365, 13.3888599)"
709,"""1-2-3 Moskau!""",2008,"Moscow, Russia","(55.7504461, 37.6174943)"
710,"""1-2-3 Moskau!""",2008,"Novgorod, Russia","(58.5209862, 31.2757862)"
711,"""1-2-3 Moskau!""",2008,"Riga, Latvia","(56.9493977, 24.1051846)"
712,"""1-2-3 Moskau!""",2008,"Tallinn, Estonia","(59.4372155, 24.7453688)"
713,"""1-2-3 Moskau!""",2008,"Vilnius, Vilnius County, Lithuania","(54.6870458, 25.2829111)"
714,"""1-2-3 Moskau!""",2008,"Warsaw, Mazowieckie, Poland","(52.2319581, 21.0067249)"
715,"""1-800-Missing""",2003,"Riverdale Collegiate Institute, Toronto, Ontario, Canada","(43.67026755, -79.33419669899203)"
716,"""1-800-Missing""",2003,"Toronto, Ontario, Canada","(43.6534817, -79.3839347)"
717,"""1/4 Mermaid""",2015,"Los Angeles, California, USA","(34.0536909, -118.242766)"
718,"""1/4 Mermaid""",2015,"Cypress, California, USA","(33.8248235, -118.0399368)"
719,"""10 Days to War""",2008,"Inglis Barracks, Mill Hill, London, England, UK","(-179, -179)"
720,"""10 Days to War""",2008,Jordan,"(31.1667049, 36.941628)"
721,"""10 Films, 1 Box""",2014,"Los Angeles, California, USA","(34.0536909, -118.242766)"
722,"""10 Great Reasons""",2008,"Los Angeles, California, USA","(34.0536909, -118.242766)"
723,"""10 Great Reasons""",2008,"New York City, New York, USA","(40.7127281, -74.0060152)"
724,"""10 Items or Less""",2006,"Reseda, Los Angeles, California, USA","(34.2006552, -118.536528)"
725,"""10 Minute Tales""",2009,"Shepperton Studios, Shepperton, Surrey, England, UK","(-179, -179)"
726,"""10 Minute Tales""",2009,"Hackney, London, England, UK","(51.5432402, -0.0493621)"
727,"""10 Minute Tales""",2009,"Watford, Hertfordshire, England, UK","(51.6553875, -0.3957425)"
728,"""10 O'Clock Live""",2011,"Studio TC 6, BBC Television Centre, Wood Lane, Shepherd's Bush, London, England, UK","(-179, -179)"
729,"""10 O'Clock Live""",2011,"Studio TC 6, BBC Television Centre, Wood Lane, Shepherd's Bush, London, England, UK","(-179, -179)"
730,"""10 O'Clock Live""",2011,"Studio TC 6, BBC Television Centre, Wood Lane, Shepherd's Bush, London, England, UK","(-179, -179)"
731,"""10 O'Clock Live""",2011,"Studio TC 6, BBC Television Centre, Wood Lane, Shepherd's Bush, London, England, UK","(-179, -179)"
732,"""10 O'Clock Live""",2011,"Studio TC 6, BBC Television Centre, Wood Lane, Shepherd's Bush, London, England, UK","(-179, -179)"
733,"""10 O'Clock Live""",2011,"Studio TC 6, BBC Television Centre, Wood Lane, Shepherd's Bush, London, England, UK","(-179, -179)"
734,"""10 O'Clock Live""",2011,"Studio TC 6, BBC Television Centre, Wood Lane, Shepherd's Bush, London, England, UK","(-179, -179)"
735,"""10 O'Clock Live""",2011,"Studio TC 6, BBC Television Centre, Wood Lane, Shepherd's Bush, London, England, UK","(-179, -179)"
736,"""10 O'Clock Live""",2011,"Studio TC 6, BBC Television Centre, Wood Lane, Shepherd's Bush, London, England, UK","(-179, -179)"
737,"""10 O'Clock Live""",2011,"Studio TC 6, BBC Television Centre, Wood Lane, Shepherd's Bush, London, England, UK","(-179, -179)"
738,"""10 O'Clock Live""",2011,"Studio TC 6, BBC Television Centre, Wood Lane, Shepherd's Bush, London, England, UK","(-179, -179)"
739,"""10 O'Clock Live""",2011,"Studio TC 6, BBC Television Centre, Wood Lane, Shepherd's Bush, London, England, UK","(-179, -179)"
740,"""10 O'Clock Live""",2011,"Studio TC 6, BBC Television Centre, Wood Lane, Shepherd's Bush, London, England, UK","(-179, -179)"
741,"""10 O'Clock Live""",2011,"Studio TC 6, BBC Television Centre, Wood Lane, Shepherd's Bush, London, England, UK","(-179, -179)"
742,"""10 O'Clock Live""",2011,"Studio TC 6, BBC Television Centre, Wood Lane, Shepherd's Bush, London, England, UK","(-179, -179)"
743,"""10 O'Clock Live""",2011,"Studio TC 6, BBC Television Centre, Wood Lane, Shepherd's Bush, London, England, UK","(-179, -179)"
744,"""10 O'Clock Live""",2011,"Studio TC 6, BBC Television Centre, Wood Lane, Shepherd's Bush, London, England, UK","(-179, -179)"
745,"""10 O'Clock Live""",2011,"Studio TC 6, BBC Television Centre, Wood Lane, Shepherd's Bush, London, England, UK","(-179, -179)"
746,"""10 O'Clock Live""",2011,"Studio TC 6, BBC Television Centre, Wood Lane, Shepherd's Bush, London, England, UK","(-179, -179)"
747,"""10 O'Clock Live""",2011,"Studio TC 6, BBC Television Centre, Wood Lane, Shepherd's Bush, London, England, UK","(-179, -179)"
748,"""10 O'Clock Live""",2011,"Studio TC 6, BBC Television Centre, Wood Lane, Shepherd's Bush, London, England, UK","(-179, -179)"
749,"""10 O'Clock Live""",2011,"Studio TC 6, BBC Television Centre, Wood Lane, Shepherd's Bush, London, England, UK","(-179, -179)"
750,"""10 O'Clock Live""",2011,"Studio TC 6, BBC Television Centre, Wood Lane, Shepherd's Bush, London, England, UK","(-179, -179)"
751,"""10 O'Clock Live""",2011,"Studio TC 6, BBC Television Centre, Wood Lane, Shepherd's Bush, London, England, UK","(-179, -179)"
752,"""10 O'Clock Live""",2011,"Studio TC 6, BBC Television Centre, Wood Lane, Shepherd's Bush, London, England, UK","(-179, -179)"
753,"""10 O'Clock Live""",2011,"Studio TC 6, BBC Television Centre, Wood Lane, Shepherd's Bush, London, England, UK","(-179, -179)"
754,"""10 Reviews in 10 Minutes""",2012,"Norwich, Norfolk, England, UK","(52.628606, 1.29227)"
755,"""10 Reviews in 10 Minutes""",2012,"Norwich, Norfolk, England, UK","(52.628606, 1.29227)"
756,"""10 Seconds""",1993,"Opryland - 2800 Opryland Drive, Nashville, Tennessee, USA","(36.21369115, -86.69458356037906)"
757,"""10 Steps to Better Healthcare: A Guide for Chinese-American Seniors""",2010,"Los Angeles, California, USA","(34.0536909, -118.242766)"
758,"""10 Things I Hate About You""",2009,"Los Angeles, California, USA","(34.0536909, -118.242766)"
759,"""10 Things I Hate""",2012,"Washington, USA","(38.8950368, -77.0365427)"
760,"""10 Things I Hate""",2012,"Steilacoom, Washington, USA","(47.1703692, -122.596287)"
761,"""10 Things I Hate""",2012,"Los Angles, California, USA","(-179, -179)"
762,"""10 Things You Didn't Know About...""",2006,"Mount Etna, Catania, Sicily, Italy","(37.7487871, 14.966850147778693)"
763,"""10 Things You Must Know""",2006,"Edina, Minnesota, USA","(44.8897027, -93.3501222)"
764,"""10 Things You Must Know""",2006,"Minneapolis, Minnesota, USA","(44.9772995, -93.2654692)"
765,"""10 Years of Monkey Business""",2007,"Dorset, England, UK","(50.79683685, -2.34473226124306)"
766,"""10 lneas de 'El Quijote'""",2005,"Madrid, Spain","(40.4167047, -3.7035825)"
767,"""10 om te zien""",1989,"Blankenberge, Belgium","(51.31700275, 3.133658034483461)"
768,"""10 om te zien""",1989,"Leuven, Belgium","(50.879202, 4.7011675)"
769,"""10 sposobov""",2013,"Kyiv, Ukraine","(50.4500336, 30.5241361)"
770,"""10""",2009,"Kuala Lumpur, Malaysia","(3.1516964, 101.6942371)"
771,"""10,000 BC""",2015,Bulgaria,"(42.6073975, 25.4856617)"
772,"""10,000 Hours""",2017,"Brooklyn, New York, USA","(40.6526006, -73.9497211)"
773,"""10-07: L'affaire Zeus""",1995,"Montral, Qubec, Canada","(-179, -179)"
774,"""10-8: Officers on Duty""",2003,"California, USA","(36.7014631, -118.755997)"
775,"""10-8: Officers on Duty""",2003,USA,"(39.7837304, -100.445882)"
776,"""10-8: Officers on Duty""",2003,"Los Angeles Police Museum - 6045 York Blvd., Los Angeles, California, USA","(-179, -179)"
777,"""10-8: Officers on Duty""",2003,"Los Angeles Police Department, Highland Park Station - 6045 York Blvd, Los Angeles, California, USA","(-179, -179)"
778,"""10-8: Officers on Duty""",2003,"Los Angeles, California, USA","(34.0536909, -118.242766)"
779,"""10.5""",2004,"Hollywood Sign, Hollywood Hills, Los Angeles, California, USA","(34.1340991, -118.321652)"
780,"""10.5""",2004,"Vancouver, British Columbia, Canada","(49.2608724, -123.113952)"
781,"""10.5: Apocalypse""",2006,"Joliette, Qubec, Canada","(-179, -179)"
782,"""10.5: Apocalypse""",2006,"Montral, Qubec, Canada","(-179, -179)"
783,"""10.5: Apocalypse""",2006,"Saint-Hubert, Qubec, Canada","(-179, -179)"
784,"""100 Bullets D'Argento""",2012,"Rome, Lazio, Italy","(41.8933203, 12.4829321)"
785,"""100 Calabazas""",2011,"Madrid, Spain","(40.4167047, -3.7035825)"
786,"""100 Centre Street""",2001,"New York City, New York, USA","(40.7127281, -74.0060152)"
787,"""100 Days of Summer""",2013,"Chicago, Illinois, USA","(41.8755616, -87.6244212)"
788,"""100 Deeds for Eddie McDowd""",1999,"Azusa, California, USA","(34.1338751, -117.9056046)"
789,"""100 Deeds for Eddie McDowd""",1999,"Los Angeles, California, USA","(34.0536909, -118.242766)"
790,"""100 Deeds for Eddie McDowd""",1999,"Sierra Madre, California, USA","(34.1616729, -118.052845)"
791,"""100 Deeds for Eddie McDowd""",1999,"Ventura Farms - 235 W. Potrero Road, Thousand Oaks, California, USA","(-179, -179)"
792,"""100 Frogs""",2015,"Bronx, New York City, New York, USA","(40.8466508, -73.8785937)"
793,"""100 Frogs""",2015,"Manhattan, New York City, New York, USA","(40.7896239, -73.9598939)"
794,"""100 Greatest Artists of Hard Rock""",2000,"Los Angeles, California, USA","(34.0536909, -118.242766)"
795,"""100 Greatest Artists of Hard Rock""",2000,"New York, USA","(40.7127281, -74.0060152)"
796,"""100 Greatest Discoveries""",2004,"Baltimore, Maryland, USA","(39.2908816, -76.610759)"
797,"""100 Greatest Discoveries""",2004,"Old Town, Alexandria, Virginia, USA","(38.8022644, -77.05428406149906)"
798,"""100 Greatest Discoveries""",2004,"Prince Georges County, Maryland, USA","(38.96870965, -76.95730866107307)"
799,"""100 Greatest Discoveries""",2004,"Staunton, Virginia, USA","(38.1495947, -79.072557)"
800,"""100 Greatest Discoveries""",2004,"Washington, District of Columbia, USA","(38.8950368, -77.0365427)"
801,"""100 Greatest Stand-Ups of All Time""",2004,"Hollywood, Los Angeles, California, USA","(34.0980031, -118.329523)"
802,"""100 Hours""",2002,"Wrights Hill Fortress, Wellington, New Zealand","(-179, -179)"
803,"""100 Latinos Dijeron""",2013,"Los Angeles, California, USA","(34.0536909, -118.242766)"
804,"""100 Mile Meals""",2014,"Santa Cruz, California, USA","(37.050096, -121.9905908)"
805,"""100 Nen Interview""",2007,"Tokyo, Japan","(35.6828387, 139.7594549)"
806,"""100 Proof""",2004,"Los Angeles, California, USA","(34.0536909, -118.242766)"
807,"""100 Proof""",2004,"Miami, Florida, USA","(25.7741728, -80.19362)"
808,"""100 Proof""",2004,"New York City, New York, USA","(40.7127281, -74.0060152)"
809,"""100 Winners""",2007,"Los Angeles, California, USA","(34.0536909, -118.242766)"
810,"""100 hjdare""",2004,"Europa Studios, Sundbyberg, Stockholms ln, Sweden","(-179, -179)"
811,"""100 hjdare""",2004,"Stockholm, Stockholms ln, Sweden","(-179, -179)"
812,"""100 hjdare""",2004,"Berkeley, California, USA","(37.8753497, -122.23963364918777)"
813,"""100 hjdare""",2004,"Florida, USA","(27.7567667, -81.4639835)"
814,"""100 hjdare""",2004,"Los Angeles, California, USA","(34.0536909, -118.242766)"
815,"""100 hjdare""",2004,"Tulsa, Oklahoma, USA","(36.1556805, -95.9929113)"
816,"""100 hjdare""",2004,"Amarillo, Texas, USA","(35.2072185, -101.8338246)"
817,"""100 hjdare""",2004,"Cadillac Ranch, Interstate 40, Amarillo, Texas, USA","(-179, -179)"
818,"""100 hjdare""",2004,"Erick, Oklahoma, USA","(35.2153299, -99.8664925)"
819,"""100 hjdare""",2004,"Heartland Museum of Military Vehicles, Interstate 80, Lexington, Kentucky, USA","(-179, -179)"
820,"""100 hjdare""",2004,"Hollywood, Los Angeles, California, USA","(34.0980031, -118.329523)"
821,"""100 hjdare""",2004,"Jackson, Georgia, USA","(33.63779875, -84.42927118585675)"
822,"""100 hjdare""",2004,"Lexington, Nebraska, USA","(40.7788486, -99.7414869)"
823,"""100 hjdare""",2004,"Greenville, Alabama, USA","(31.8295972, -86.6177517)"
824,"""100 mexicanos dijeron""",2001,Mexico,"(23.6585116, -102.0077097)"
825,"""100 mexicanos dijieron""",2009,"Mexico City, Distrito Federal, Mexico","(19.4239552, -99.1757289)"
826,"""100% Azull""",2007,Mexico,"(23.6585116, -102.0077097)"
827,"""100% Azull""",2007,USA,"(39.7837304, -100.445882)"
828,"""100% Greve""",2002,"Greve, Sjlland, Denmark","(-179, -179)"
829,"""100% mujer""",2003,Mexico,"(23.6585116, -102.0077097)"
830,"""1000 Ways to Die""",2008,"Escarpment Studios - 5610 Soto Street, Huntington Park, California, USA","(-179, -179)"
831,"""1000 Ways to Die""",2008,"Hollywood Hills, Los Angeles, California, USA","(34.1311792, -118.3355474)"
832,"""1000 Ways to Die""",2008,"Hollywood, Los Angeles, California, USA","(34.0980031, -118.329523)"
833,"""1000 Ways to Die""",2008,"Los Angeles, California, USA","(34.0536909, -118.242766)"
834,"""1000 Ways to Die""",2008,"Santa Clarita, California, USA","(34.3916641, -118.542586)"
835,"""1000 Ways to Die""",2008,"Blue Cloud Movie Ranch - 20000 Blue Cloud Road, Santa Clarita, California, USA","(-179, -179)"
836,"""1000 Ways to Die""",2008,"Los Angeles, California, USA","(34.0536909, -118.242766)"
837,"""1000 Ways to Die""",2008,"Santa Clarita, California, USA","(34.3916641, -118.542586)"
838,"""1000 Ways to Die""",2008,"Los Angeles, California, USA","(34.0536909, -118.242766)"
839,"""1000 Ways to Die""",2008,"Fred C. Nelles Correctional Facility, Whittier, California, USA","(-179, -179)"
840,"""1000 Ways to Die""",2008,"Studio City, Los Angeles, California, USA","(34.1483989, -118.3961877)"
841,"""1000 Ways to Die""",2008,"La Paz Liquor, 4101 West Magnolia Boulevard, Burbank, California, USA","(-179, -179)"
842,"""1000 Ways to Die""",2008,"Los Angeles, California, USA","(34.0536909, -118.242766)"
843,"""1000 Ways to Die""",2008,"Santa Clarita, California, USA","(34.3916641, -118.542586)"
844,"""1000 Ways to Die""",2008,"Burbank, California, USA","(34.1816482, -118.3258554)"
845,"""1000 millones""",2002,"Buenos Aires, Federal District, Argentina","(-179, -179)"
846,"""1000 millones""",2002,"Punta del Este, Maldonado, Uruguay","(-34.9632342, -54.9439981)"
847,"""1000 millones""",2002,"Buenos Aires, Federal District, Argentina","(-179, -179)"
848,"""1000 millones""",2002,"Buenos Aires, Federal District, Argentina","(-179, -179)"
849,"""1000 millones""",2002,"Buenos Aires, Federal District, Argentina","(-179, -179)"
850,"""1000 millones""",2002,"Buenos Aires, Federal District, Argentina","(-179, -179)"
851,"""1000 millones""",2002,"Buenos Aires, Federal District, Argentina","(-179, -179)"
852,"""1000 millones""",2002,"Buenos Aires, Federal District, Argentina","(-179, -179)"
853,"""1000 millones""",2002,"Buenos Aires, Federal District, Argentina","(-179, -179)"
854,"""1000 millones""",2002,"Buenos Aires, Federal District, Argentina","(-179, -179)"
855,"""1000 millones""",2002,"Buenos Aires, Federal District, Argentina","(-179, -179)"
856,"""1000 millones""",2002,"Buenos Aires, Federal District, Argentina","(-179, -179)"
857,"""1000 millones""",2002,"Buenos Aires, Federal District, Argentina","(-179, -179)"
858,"""1000 millones""",2002,"Buenos Aires, Federal District, Argentina","(-179, -179)"
859,"""1000 millones""",2002,"Buenos Aires, Federal District, Argentina","(-179, -179)"
860,"""1000 millones""",2002,"Buenos Aires, Federal District, Argentina","(-179, -179)"
861,"""1000 millones""",2002,"Buenos Aires, Federal District, Argentina","(-179, -179)"
862,"""1000 millones""",2002,"Buenos Aires, Federal District, Argentina","(-179, -179)"
863,"""1000 millones""",2002,"Buenos Aires, Federal District, Argentina","(-179, -179)"
864,"""1000 millones""",2002,"Buenos Aires, Federal District, Argentina","(-179, -179)"
865,"""1000 millones""",2002,"Buenos Aires, Federal District, Argentina","(-179, -179)"
866,"""1000 millones""",2002,"Buenos Aires, Federal District, Argentina","(-179, -179)"
867,"""1000 millones""",2002,"Buenos Aires, Federal District, Argentina","(-179, -179)"
868,"""1000 millones""",2002,"Buenos Aires, Federal District, Argentina","(-179, -179)"
869,"""1000 millones""",2002,"Buenos Aires, Federal District, Argentina","(-179, -179)"
870,"""1000 millones""",2002,"Buenos Aires, Federal District, Argentina","(-179, -179)"
871,"""1000 millones""",2002,"Buenos Aires, Federal District, Argentina","(-179, -179)"
872,"""1000 millones""",2002,"Buenos Aires, Federal District, Argentina","(-179, -179)"
873,"""1000 millones""",2002,"Buenos Aires, Federal District, Argentina","(-179, -179)"
874,"""1000 millones""",2002,"Buenos Aires, Federal District, Argentina","(-179, -179)"
875,"""1000 millones""",2002,"Buenos Aires, Federal District, Argentina","(-179, -179)"
876,"""1000 millones""",2002,"Buenos Aires, Federal District, Argentina","(-179, -179)"
877,"""1000 millones""",2002,"Buenos Aires, Federal District, Argentina","(-179, -179)"
878,"""1000 millones""",2002,"Buenos Aires, Federal District, Argentina","(-179, -179)"
879,"""1000 millones""",2002,"Buenos Aires, Federal District, Argentina","(-179, -179)"
880,"""1000 millones""",2002,"Buenos Aires, Federal District, Argentina","(-179, -179)"
881,"""1000 millones""",2002,"Buenos Aires, Federal District, Argentina","(-179, -179)"
882,"""1000 millones""",2002,"Buenos Aires, Federal District, Argentina","(-179, -179)"
883,"""1000 millones""",2002,"Buenos Aires, Federal District, Argentina","(-179, -179)"
884,"""1000 millones""",2002,"Buenos Aires, Federal District, Argentina","(-179, -179)"
885,"""1000 millones""",2002,"Buenos Aires, Federal District, Argentina","(-179, -179)"
886,"""1000 millones""",2002,"Buenos Aires, Federal District, Argentina","(-179, -179)"
887,"""1000 millones""",2002,"Buenos Aires, Federal District, Argentina","(-179, -179)"
888,"""1000 millones""",2002,"Buenos Aires, Federal District, Argentina","(-179, -179)"
889,"""1000 millones""",2002,"Buenos Aires, Federal District, Argentina","(-179, -179)"
890,"""1000 millones""",2002,"Buenos Aires, Federal District, Argentina","(-179, -179)"
891,"""1000 millones""",2002,"Buenos Aires, Federal District, Argentina","(-179, -179)"
892,"""1000 millones""",2002,"Buenos Aires, Federal District, Argentina","(-179, -179)"
893,"""1000 millones""",2002,"Buenos Aires, Federal District, Argentina","(-179, -179)"
894,"""1000 millones""",2002,"Buenos Aires, Federal District, Argentina","(-179, -179)"
895,"""1000 millones""",2002,"Buenos Aires, Federal District, Argentina","(-179, -179)"
896,"""1000 millones""",2002,"Buenos Aires, Federal District, Argentina","(-179, -179)"
897,"""1000 millones""",2002,"Buenos Aires, Federal District, Argentina","(-179, -179)"
898,"""1000 millones""",2002,"Buenos Aires, Federal District, Argentina","(-179, -179)"
899,"""1000 millones""",2002,"Buenos Aires, Federal District, Argentina","(-179, -179)"
900,"""1000 millones""",2002,"Buenos Aires, Federal District, Argentina","(-179, -179)"
901,"""1000 millones""",2002,"Buenos Aires, Federal District, Argentina","(-179, -179)"
902,"""1000 millones""",2002,"Buenos Aires, Federal District, Argentina","(-179, -179)"
903,"""1000 millones""",2002,"Buenos Aires, Federal District, Argentina","(-179, -179)"
904,"""1000 millones""",2002,"Buenos Aires, Federal District, Argentina","(-179, -179)"
905,"""1000 millones""",2002,"Buenos Aires, Federal District, Argentina","(-179, -179)"
906,"""1000 millones""",2002,"Buenos Aires, Federal District, Argentina","(-179, -179)"
907,"""1000 millones""",2002,"Buenos Aires, Federal District, Argentina","(-179, -179)"
908,"""1000 millones""",2002,"Buenos Aires, Federal District, Argentina","(-179, -179)"
909,"""1000 millones""",2002,"Buenos Aires, Federal District, Argentina","(-179, -179)"
910,"""1000 millones""",2002,"Buenos Aires, Federal District, Argentina","(-179, -179)"
911,"""1000 millones""",2002,"Buenos Aires, Federal District, Argentina","(-179, -179)"
912,"""1000 millones""",2002,"Buenos Aires, Federal District, Argentina","(-179, -179)"
913,"""1000 millones""",2002,"Buenos Aires, Federal District, Argentina","(-179, -179)"
914,"""1000 millones""",2002,"Buenos Aires, Federal District, Argentina","(-179, -179)"
915,"""1000 millones""",2002,"Buenos Aires, Federal District, Argentina","(-179, -179)"
916,"""1000 millones""",2002,"Buenos Aires, Federal District, Argentina","(-179, -179)"
917,"""1000 millones""",2002,"Buenos Aires, Federal District, Argentina","(-179, -179)"
918,"""1000 millones""",2002,"Buenos Aires, Federal District, Argentina","(-179, -179)"
919,"""1000 millones""",2002,"Buenos Aires, Federal District, Argentina","(-179, -179)"
920,"""1000 millones""",2002,"Buenos Aires, Federal District, Argentina","(-179, -179)"
921,"""1000 millones""",2002,"Buenos Aires, Federal District, Argentina","(-179, -179)"
922,"""1000 millones""",2002,"Buenos Aires, Federal District, Argentina","(-179, -179)"
923,"""1000 millones""",2002,"Buenos Aires, Federal District, Argentina","(-179, -179)"
924,"""1000 millones""",2002,"Buenos Aires, Federal District, Argentina","(-179, -179)"
925,"""1000 millones""",2002,"Buenos Aires, Federal District, Argentina","(-179, -179)"
926,"""1000 millones""",2002,"Buenos Aires, Federal District, Argentina","(-179, -179)"
927,"""1000 millones""",2002,"Buenos Aires, Federal District, Argentina","(-179, -179)"
928,"""1000 millones""",2002,"Buenos Aires, Federal District, Argentina","(-179, -179)"
929,"""1000 millones""",2002,"Buenos Aires, Federal District, Argentina","(-179, -179)"
930,"""1000 millones""",2002,"Buenos Aires, Federal District, Argentina","(-179, -179)"
931,"""1000 millones""",2002,"Buenos Aires, Federal District, Argentina","(-179, -179)"
932,"""1000 millones""",2002,"Buenos Aires, Federal District, Argentina","(-179, -179)"
933,"""1000 millones""",2002,"Buenos Aires, Federal District, Argentina","(-179, -179)"
934,"""1000 millones""",2002,"Buenos Aires, Federal District, Argentina","(-179, -179)"
935,"""1000 millones""",2002,"Buenos Aires, Federal District, Argentina","(-179, -179)"
936,"""1000 millones""",2002,"Buenos Aires, Federal District, Argentina","(-179, -179)"
937,"""1000 millones""",2002,"Buenos Aires, Federal District, Argentina","(-179, -179)"
938,"""1000 millones""",2002,"Buenos Aires, Federal District, Argentina","(-179, -179)"
939,"""1000 millones""",2002,"Buenos Aires, Federal District, Argentina","(-179, -179)"
940,"""1000 millones""",2002,"Buenos Aires, Federal District, Argentina","(-179, -179)"
941,"""1000 millones""",2002,"Buenos Aires, Federal District, Argentina","(-179, -179)"
942,"""1000 millones""",2002,"Buenos Aires, Federal District, Argentina","(-179, -179)"
943,"""1000 millones""",2002,"Buenos Aires, Federal District, Argentina","(-179, -179)"
944,"""1000 millones""",2002,"Buenos Aires, Federal District, Argentina","(-179, -179)"
945,"""1000 millones""",2002,"Buenos Aires, Federal District, Argentina","(-179, -179)"
946,"""1000 millones""",2002,"Buenos Aires, Federal District, Argentina","(-179, -179)"
947,"""1000 millones""",2002,"Buenos Aires, Federal District, Argentina","(-179, -179)"
948,"""1000 millones""",2002,"Buenos Aires, Federal District, Argentina","(-179, -179)"
949,"""1000 millones""",2002,"Buenos Aires, Federal District, Argentina","(-179, -179)"
950,"""1000 millones""",2002,"Buenos Aires, Federal District, Argentina","(-179, -179)"
951,"""1000 millones""",2002,"Buenos Aires, Federal District, Argentina","(-179, -179)"
952,"""1000 millones""",2002,"Buenos Aires, Federal District, Argentina","(-179, -179)"
953,"""1000 millones""",2002,"Buenos Aires, Federal District, Argentina","(-179, -179)"
954,"""1000 millones""",2002,"Buenos Aires, Federal District, Argentina","(-179, -179)"
955,"""1000 millones""",2002,"Buenos Aires, Federal District, Argentina","(-179, -179)"
956,"""1000 millones""",2002,"Buenos Aires, Federal District, Argentina","(-179, -179)"
957,"""1000 millones""",2002,"Buenos Aires, Federal District, Argentina","(-179, -179)"
958,"""1000 millones""",2002,"Buenos Aires, Federal District, Argentina","(-179, -179)"
959,"""1000 millones""",2002,"Buenos Aires, Federal District, Argentina","(-179, -179)"
960,"""1000 millones""",2002,"Buenos Aires, Federal District, Argentina","(-179, -179)"
961,"""1000 millones""",2002,"Buenos Aires, Federal District, Argentina","(-179, -179)"
962,"""1000 millones""",2002,"Buenos Aires, Federal District, Argentina","(-179, -179)"
963,"""1000 millones""",2002,"Buenos Aires, Federal District, Argentina","(-179, -179)"
964,"""1000 millones""",2002,"Buenos Aires, Federal District, Argentina","(-179, -179)"
965,"""1000 millones""",2002,"Buenos Aires, Federal District, Argentina","(-179, -179)"
966,"""1001 Tardes""",1995,"Lisbon, Portugal","(38.7077507, -9.1365919)"
967,"""1001 Things You Should Know""",2012,"Glasgow, Scotland, UK","(55.8609825, -4.2488787)"
968,"""1002 Momentos de la tele""",2012,"Buenos Aires, Federal District, Argentina","(-179, -179)"
969,"""1002 Momentos de la tele""",2012,"Buenos Aires, Federal District, Argentina","(-179, -179)"
970,"""1002 Momentos de la tele""",2012,"Buenos Aires, Federal District, Argentina","(-179, -179)"
971,"""1002 Momentos de la tele""",2012,"Buenos Aires, Federal District, Argentina","(-179, -179)"
972,"""1002 Momentos de la tele""",2012,"Buenos Aires, Federal District, Argentina","(-179, -179)"
973,"""1002 Momentos de la tele""",2012,"Buenos Aires, Federal District, Argentina","(-179, -179)"
974,"""1002 Momentos de la tele""",2012,"Buenos Aires, Federal District, Argentina","(-179, -179)"
975,"""1002 Momentos de la tele""",2012,"Buenos Aires, Federal District, Argentina","(-179, -179)"
976,"""1002 Momentos de la tele""",2012,"Buenos Aires, Federal District, Argentina","(-179, -179)"
977,"""1002 Momentos de la tele""",2012,"Buenos Aires, Federal District, Argentina","(-179, -179)"
978,"""1002 Momentos de la tele""",2012,"Buenos Aires, Federal District, Argentina","(-179, -179)"
979,"""1002 Momentos de la tele""",2012,"Buenos Aires, Federal District, Argentina","(-179, -179)"
980,"""1002 Momentos de la tele""",2012,"Buenos Aires, Federal District, Argentina","(-179, -179)"
981,"""1002 Momentos de la tele""",2012,"Buenos Aires, Federal District, Argentina","(-179, -179)"
982,"""1002 Momentos de la tele""",2012,"Buenos Aires, Federal District, Argentina","(-179, -179)"
983,"""1002 Momentos de la tele""",2012,"Buenos Aires, Federal District, Argentina","(-179, -179)"
984,"""1002 Momentos de la tele""",2012,"Buenos Aires, Federal District, Argentina","(-179, -179)"
985,"""1002 Momentos de la tele""",2012,"Buenos Aires, Federal District, Argentina","(-179, -179)"
986,"""1002 Momentos de la tele""",2012,"Buenos Aires, Federal District, Argentina","(-179, -179)"
987,"""1002 Momentos de la tele""",2012,"Buenos Aires, Federal District, Argentina","(-179, -179)"
988,"""1002 Momentos de la tele""",2012,"Buenos Aires, Federal District, Argentina","(-179, -179)"
989,"""1002 Momentos de la tele""",2012,"Buenos Aires, Federal District, Argentina","(-179, -179)"
990,"""1002 Momentos de la tele""",2012,"Buenos Aires, Federal District, Argentina","(-179, -179)"
991,"""1002 Momentos de la tele""",2012,"Buenos Aires, Federal District, Argentina","(-179, -179)"
992,"""1002 Momentos de la tele""",2012,"Buenos Aires, Federal District, Argentina","(-179, -179)"
993,"""1002 Momentos de la tele""",2012,"Buenos Aires, Federal District, Argentina","(-179, -179)"
994,"""101 Cars You Must Drive""",2008,"California, USA","(36.7014631, -118.755997)"
995,"""101 Cars You Must Drive""",2008,"Florida, USA","(27.7567667, -81.4639835)"
996,"""101 Dates""",2010,"Wellington, New Zealand","(-41.2887953, 174.7772114)"
997,"""101 Ways to Get Rejected""",2013,"Palos Verdes High School, California, USA","(33.7795033, -118.4195798873998)"
998,"""101 Ways to Leave a Gameshow""",2010,"Tigre, Buenos Aires Province, Argentina","(-34.4226513, -58.5808967)"
999,"""101""",2002,"Hadassah Har Hatsofim Medical Center, Jerusalem, Israel","(-179, -179)"
